celebrity_name,ballroom_partner,celebrity_industry,celebrity_homestate,celebrity_homecountry/region,celebrity_age_during_season,season,results,placement,week1_J_pct,week2_J_pct,week3_J_pct,week4_J_pct,week5_J_pct,week6_J_pct,week7_J_pct,week8_J_pct,week9_J_pct,week10_J_pct,week11_J_pct,elimination_week,contestant_id
John O'Hurley,Charlotte Jorgensen,Actor/Actress,Maine,United States,50,1,2nd Place,2,66.66666666666666,86.66666666666667,80.0,70.0,90.0,90.0,,,,,,finalist,John O'Hurley_S1
Kelly Monaco,Alec Mazo,Actor/Actress,Pennsylvania,United States,29,1,1st Place,1,43.333333333333336,56.666666666666664,70.0,86.66666666666667,78.33333333333333,91.66666666666666,,,,,,finalist,Kelly Monaco_S1
Evander Holyfield,Edyta Sliwinska,Athlete,Alabama,United States,42,1,Eliminated Week 3,5,60.0,46.666666666666664,43.333333333333336,,,,,,,,,3,Evander Holyfield_S1
Rachel Hunter,Jonathan Roberts,Model,,New Zealand,35,1,Eliminated Week 4,4,66.66666666666666,80.0,86.66666666666667,83.33333333333334,,,,,,,,4,Rachel Hunter_S1
Joey McIntyre,Ashly DelGrosso,Singer/Rapper,Massachusetts,United States,32,1,3rd Place,3,66.66666666666666,70.0,73.33333333333333,66.66666666666666,75.0,,,,,,,finalist,Joey McIntyre_S1
Trista Sutter,Louis van Amstel,TV Personality,Indiana,United States,32,1,Eliminated Week 2,6,60.0,63.33333333333333,,,,,,,,,,2,Trista Sutter_S1
Tatum O'Neal,Nick Kosovich,Actor/Actress,California,United States,42,2,Eliminated Week 2,9,76.66666666666667,56.666666666666664,,,,,,,,,,2,Tatum O'Neal_S2
Tia Carrere,Maksim Chmerkoskiy,Actor/Actress,Hawaii,United States,39,2,Eliminated Week 5,6,66.66666666666666,73.33333333333333,86.66666666666667,83.33333333333334,73.33333333333333,,,,,,,5,Tia Carrere_S2
George Hamilton,Edyta Sliwinska,Actor/Actress,Tennessee,United States,66,2,Eliminated Week 6,5,60.0,73.33333333333333,73.33333333333333,70.0,80.0,76.66666666666667,,,,,,6,George Hamilton_S2
Lisa Rinna,Louis van Amstel,Actor/Actress,California,United States,42,2,Eliminated Week 7,4,63.33333333333333,66.66666666666666,83.33333333333334,86.66666666666667,83.33333333333334,90.0,88.33333333333333,,,,,7,Lisa Rinna_S2
Stacy Keibler,Tony Dovolani,Athlete,Maryland,United States,26,2,3rd Place,3,73.33333333333333,96.66666666666667,90.0,86.66666666666667,100.0,100.0,91.66666666666666,95.555,,,,finalist,Stacy Keibler_S2
Jerry Rice,Anna Trebunskaya,Athlete,Mississippi,United States,43,2,2nd Place,2,70.0,76.66666666666667,63.33333333333333,80.0,76.66666666666667,76.66666666666667,68.33333333333333,88.88866666666667,,,,finalist,Jerry Rice_S2
Giselle Fernandez,Jonathan Roberts,News Anchor,,Mexico,44,2,Eliminated Week 3,8,76.66666666666667,80.0,73.33333333333333,,,,,,,,,3,Giselle Fernandez_S2
Master P,Ashly DelGrosso,Singer/Rapper,Louisiana,United States,35,2,Eliminated Week 4,7,40.0,53.333333333333336,46.666666666666664,26.666666666666668,,,,,,,,4,Master P_S2
Drew Lachey,Cheryl Burke,Singer/Rapper,Ohio,United States,29,2,1st Place,1,80.0,90.0,90.0,93.33333333333333,90.0,100.0,91.66666666666666,96.666,,,,finalist,Drew Lachey_S2
Kenny Mayne,Andrea Hale,Sports Broadcaster,Washington,United States,46,2,Eliminated Week 1,10,43.333333333333336,,,,,,,,,,,1,Kenny Mayne_S2
Harry Hamlin,Ashly DelGrosso,Actor/Actress,California,United States,54,3,Eliminated Week 3,9,56.666666666666664,70.0,73.33333333333333,,,,,,,,,3,Harry Hamlin_S3
Vivica A. Fox,Nick Kosovich,Actor/Actress,Indiana,United States,42,3,Eliminated Week 4,8,73.33333333333333,80.0,90.0,80.0,,,,,,,,4,Vivica A. Fox_S3
Monique Coleman,Louis van Amstel,Actor/Actress,South Carolina,United States,25,3,Eliminated Week 8,4,63.33333333333333,86.66666666666667,90.0,80.0,90.0,76.66666666666667,90.0,88.33333333333333,,,,8,Monique Coleman_S3
Joey Lawrence,Edyta Sliwinska,Actor/Actress,Pennsylvania,United States,30,3,3rd Place,3,70.0,96.66666666666667,73.33333333333333,90.0,83.33333333333334,80.0,95.0,90.0,98.33333333333333,,,finalist,Joey Lawrence_S3
Mario Lopez,Karina Smirnoff,Actor/Actress,California,United States,32,3,2nd Place,2,86.66666666666667,70.0,73.33333333333333,96.66666666666667,90.0,93.33333333333333,93.33333333333333,95.0,98.33333333333333,98.88866666666668,,finalist,Mario Lopez_S3
Emmitt Smith,Cheryl Burke,Athlete,Florida,United States,37,3,1st Place,1,80.0,80.0,63.33333333333333,80.0,90.0,83.33333333333334,95.0,90.0,98.33333333333333,98.88866666666668,,finalist,Emmitt Smith_S3
Shanna Moakler,Jesse DeSoto,Model,Rhode Island,United States,31,3,Eliminated Week 2,10,60.0,73.33333333333333,,,,,,,,,,2,Shanna Moakler_S3
Willa Ford,Maksim Chmerkoskiy,Singer/Rapper,Florida,United States,25,3,Eliminated Week 5,7,73.33333333333333,76.66666666666667,73.33333333333333,93.33333333333333,90.0,,,,,,,5,Willa Ford_S3
Sara Evans,Tony Dovolani,Singer/Rapper,Missouri,United States,35,3,Withdrew,6,50.0,70.0,83.33333333333334,66.66666666666666,80.0,,,,,,,withdrew,Sara Evans_S3
Jerry Springer,Kym Johnson,TV Personality,,England,62,3,Eliminated Week 7,5,53.333333333333336,63.33333333333333,70.0,73.33333333333333,80.0,60.0,76.66666666666667,,,,,7,Jerry Springer_S3
Tucker Carlson,Elena Grinenko,TV Personality,California,United States,37,3,Eliminated Week 1,11,40.0,,,,,,,,,,,1,Tucker Carlson_S3
John Ratzenberger,Edyta Sliwinska,Actor/Actress,Connecticut,United States,59,4,Eliminated Week 7,6,56.666666666666664,70.0,66.66666666666666,53.333333333333336,60.0,63.33333333333333,75.0,,,,,7,John Ratzenberger_S4
Ian Ziering,Cheryl Burke,Actor/Actress,New Jersey,United States,42,4,Eliminated Week 9,4,70.0,73.33333333333333,80.0,80.0,80.0,80.0,90.0,78.33333333333333,96.66666666666667,,,9,Ian Ziering_S4
Clyde Drexler,Elena Grinenko,Athlete,Louisiana,United States,44,4,Eliminated Week 5,8,53.333333333333336,60.0,53.333333333333336,50.0,43.333333333333336,,,,,,,5,Clyde Drexler_S4
Laila Ali,Maksim Chmerkoskiy,Athlete,Florida,United States,29,4,3rd Place,3,76.66666666666667,90.0,70.0,70.0,93.33333333333333,93.33333333333333,98.33333333333333,88.33333333333333,100.0,94.444,,finalist,Laila Ali_S4
Apolo Anton Ohno,Julianne Hough,Athlete,Washington,United States,24,4,1st Place,1,70.0,86.66666666666667,76.66666666666667,86.66666666666667,100.0,93.33333333333333,90.0,96.66666666666667,98.33333333333333,97.77733333333333,,finalist,Apolo Anton Ohno_S4
Shandi Finnessey,Brian Fortuna,Beauty Pagent,Missouri,United States,28,4,Eliminated Week 3,10,63.33333333333333,66.66666666666666,70.0,,,,,,,,,3,Shandi Finnessey_S4
Paulina Porizkova,Alec Mazo,Model,,Czechoslovakia,41,4,Eliminated Week 2,11,63.33333333333333,70.0,,,,,,,,,,2,Paulina Porizkova_S4
Heather Mills,Jonathan Roberts,Model,,England,39,4,Eliminated Week 6,7,60.0,80.0,80.0,76.66666666666667,70.0,76.66666666666667,,,,,,6,Heather Mills_S4
Billy Ray Cyrus,Karina Smirnoff,Singer/Rapper,Kentucky,United States,45,4,Eliminated Week 8,5,43.333333333333336,70.0,70.0,70.0,56.666666666666664,70.0,63.33333333333333,63.33333333333333,,,,8,Billy Ray Cyrus_S4
Joey Fatone,Kym Johnson,Singer/Rapper,New York,United States,30,4,2nd Place,2,80.0,80.0,80.0,93.33333333333333,83.33333333333334,90.0,98.33333333333333,91.66666666666666,100.0,95.555,,finalist,Joey Fatone_S4
Leeza Gibbons,Tony Dovolani,TV Personality,South Carolina,United States,50,4,Eliminated Week 4,9,50.0,70.0,80.0,53.333333333333336,,,,,,,,4,Leeza Gibbons_S4
Cameron Mathison,Edyta Sliwinska,Actor/Actress,,Canada,38,5,Eliminated Week 8,5,70.0,70.0,76.66666666666667,90.0,86.66666666666667,83.33333333333334,85.0,85.0,,,,8,Cameron Mathison_S5
Jane Seymour,Tony Dovolani,Actor/Actress,,England,56,5,Eliminated Week 7,6,80.0,70.0,90.0,86.66666666666667,86.66666666666667,73.33333333333333,83.33333333333334,,,,,7,Jane Seymour_S5
Sabrina Bryan,Mark Ballas,Actor/Actress,California,United States,23,5,Eliminated Week 6,7,86.66666666666667,86.66666666666667,90.0,100.0,93.33333333333333,83.33333333333334,,,,,,6,Sabrina Bryan_S5
Jennie Garth,Derek Hough,Actor/Actress,Illinois,United States,35,5,Eliminated Week 9,4,70.0,70.0,86.66666666666667,90.0,83.33333333333334,90.0,88.33333333333333,83.33333333333334,96.66666666666667,,,9,Jennie Garth_S5
Floyd Mayweather Jr. ,Karina Smirnoff,Athlete,Michigan,United States,30,5,Eliminated Week 4,9,60.0,70.0,70.0,76.66666666666667,,,,,,,,4,Floyd Mayweather Jr. _S5
Josie Maran,Alec Mazo,Model,California,United States,29,5,Eliminated Week 1,12,53.333333333333336,,,,,,,,,,,1,Josie Maran_S5
Albert Reed,Anna Trebunskaya,Model,Florida,United States,22,5,Eliminated Week 2,11,70.0,70.0,,,,,,,,,,2,Albert Reed_S5
Helio Castroneves,Julianne Hough,Racing Driver,,Brazil,32,5,1st Place,1,83.33333333333334,90.0,80.0,90.0,76.66666666666667,93.33333333333333,86.66666666666667,95.0,100.0,93.333,,finalist,Helio Castroneves_S5
Mel B,Maksim Chmerkoskiy,Singer/Rapper,,England,32,5,2nd Place,2,80.0,76.66666666666667,90.0,86.66666666666667,96.66666666666667,100.0,90.0,93.33333333333333,100.0,94.44399999999999,,finalist,Mel B_S5
Wayne Newton,Cheryl Burke,Singer/Rapper,Virginia,United States,65,5,Eliminated Week 3,10,63.33333333333333,50.0,60.0,,,,,,,,,3,Wayne Newton_S5
Marie Osmond,Jonathan Roberts,Singer/Rapper,Utah,United States,47,5,3rd Place,3,70.0,80.0,86.66666666666667,86.66666666666667,70.0,76.66666666666667,86.66666666666667,81.66666666666667,93.33333333333333,76.66666666666667,,finalist,Marie Osmond_S5
Mark Cuban,Kym Johnson,TV Personality,Pennsylvania,United States,49,5,Eliminated Week 5,8,70.0,60.0,66.66666666666666,73.33333333333333,70.0,,,,,,,5,Mark Cuban_S5
Cristian de la Fuente,Cheryl Burke,Actor/Actress,,Chile,34,6,3rd Place,3,70.0,66.66666666666666,83.33333333333334,86.66666666666667,76.66666666666667,90.0,76.66666666666667,95.0,93.33333333333333,86.66666666666667,,finalist,Cristian de la Fuente_S6
Steve Guttenberg,Anna Trebunskaya,Actor/Actress,New York,United States,49,6,Eliminated Week 3,10,60.0,53.333333333333336,70.0,,,,,,,,,3,Steve Guttenberg_S6
Priscilla Presley,Louis van Amstel,Actor/Actress,New York,United States,62,6,Eliminated Week 5,8,80.0,70.0,86.66666666666667,73.33333333333333,70.0,,,,,,,5,Priscilla Presley_S6
Marlee Matlin,Fabian Sanchez,Actor/Actress,Illinois,United States,42,6,Eliminated Week 6,7,73.33333333333333,80.0,70.0,80.0,73.33333333333333,70.0,,,,,,6,Marlee Matlin_S6
Shannon Elizabeth,Derek Hough,Actor/Actress,Texas,United States,34,6,Eliminated Week 7,6,70.0,80.0,80.0,93.33333333333333,76.66666666666667,80.0,85.0,,,,,7,Shannon Elizabeth_S6
Marissa Jaret Winokur,Tony Dovolani,Actor/Actress,New York,United States,35,6,Eliminated Week 9,4,60.0,70.0,63.33333333333333,80.0,80.0,86.66666666666667,86.66666666666667,83.33333333333334,86.66666666666667,,,9,Marissa Jaret Winokur_S6
Jason Taylor,Edyta Sliwinska,Athlete,Pennsylvania,United States,33,6,2nd Place,2,73.33333333333333,90.0,76.66666666666667,96.66666666666667,90.0,80.0,91.66666666666666,86.66666666666667,91.66666666666666,95.0,,finalist,Jason Taylor_S6
Kristi Yamaguchi,Mark Ballas,Athlete,California,United States,36,6,1st Place,1,90.0,90.0,90.0,96.66666666666667,96.66666666666667,100.0,90.0,91.66666666666666,95.0,100.0,,finalist,Kristi Yamaguchi_S6
Monica Seles,Jonathan Roberts,Athlete,,Yugoslavia,34,6,Eliminated Week 2,11,50.0,50.0,,,,,,,,,,2,Monica Seles_S6
Penn Jillette,Kym Johnson,Magician,Massachusetts,United States,53,6,Eliminated Week 2,12,53.333333333333336,56.666666666666664,,,,,,,,,,2,Penn Jillette_S6
Adam Carolla,Julianne Hough,Radio Personality,California,United States,43,6,Eliminated Week 4,9,50.0,63.33333333333333,70.0,63.33333333333333,,,,,,,,4,Adam Carolla_S6
Mario,Karina Smirnoff,Singer/Rapper,Maryland,United States,21,6,Eliminated Week 8,5,80.0,86.66666666666667,70.0,80.0,90.0,93.33333333333333,85.0,88.33333333333333,,,,8,Mario_S6
Ted McGinley,Inna Brayer,Actor/Actress,California,United States,50,7,Eliminated Week 1,12,61.66666666666667,,,,,,,,,,,1,Ted McGinley_S7
Cloris Leachman,Corky Ballas,Actor/Actress,Iowa,United States,82,7,Eliminated Week 6,7,53.333333333333336,50.0,53.333333333333336,73.33333333333333,70.0,50.0,,,,,,6,Cloris Leachman_S7
Susan Lucci,Tony Dovolani,Actor/Actress,New York,United States,61,7,Eliminated Week 7,6,61.66666666666667,70.0,70.0,80.0,73.33333333333333,76.66666666666667,80.0,,,,,7,Susan Lucci_S7
Cody Linley,Julianne Hough,Actor/Actress,Texas,United States,18,7,Eliminated Week 9,4,68.33333333333333,70.0,70.0,76.66666666666667,93.33333333333333,76.66666666666667,73.33333333333333,80.0,76.66666666666667,,,9,Cody Linley_S7
Misty May-Treanor,Maksim Chmerkoskiy,Athlete,California,United States,31,7,Withdrew,10,70.0,70.0,,,,,,,,,,withdrew,Misty May-Treanor_S7
Maurice Greene,Cheryl Burke,Athlete,Kansas,United States,34,7,Eliminated Week 8,5,65.0,63.33333333333333,80.0,66.66666666666666,90.0,70.0,83.33333333333334,80.0,,,,8,Maurice Greene_S7
Warren Sapp,Kym Johnson,Athlete,Florida,United States,35,7,2nd Place,2,71.66666666666667,80.0,83.33333333333334,73.33333333333333,83.33333333333334,83.33333333333334,70.0,90.0,81.66666666666667,91.66666666666666,,finalist,Warren Sapp_S7
Jeffrey Ross,Edyta Sliwinska,Comedian,New Jersey,United States,43,7,Eliminated Week 1,13,40.0,,,,,,,,,,,1,Jeffrey Ross_S7
Toni Braxton,Alec Mazo,Singer/Rapper,Maryland,United States,40,7,Eliminated Week 5,8,75.0,76.66666666666667,73.33333333333333,73.33333333333333,73.33333333333333,,,,,,,5,Toni Braxton_S7
Lance Bass,Lacey Schwimmer,Singer/Rapper,Mississippi,United States,29,7,3rd Place,3,71.66666666666667,66.66666666666666,73.33333333333333,86.66666666666667,70.0,90.0,83.33333333333334,83.33333333333334,95.0,91.66666666666666,,finalist,Lance Bass_S7
Kim Kardashian,Mark Ballas,TV Personality,California,United States,27,7,Eliminated Week 2,11,61.66666666666667,56.666666666666664,,,,,,,,,,2,Kim Kardashian_S7
Rocco DiSpirito,Karina Smirnoff,TV Personality,New York,United States,41,7,Eliminated Week 4,9,58.333333333333336,53.333333333333336,66.66666666666666,60.0,,,,,,,,4,Rocco DiSpirito_S7
Brooke Burke,Derek Hough,TV Personality,Connecticut,United States,37,7,1st Place,1,81.66666666666667,80.0,93.33333333333333,86.66666666666667,96.66666666666667,86.66666666666667,100.0,91.66666666666666,81.66666666666667,100.0,,finalist,Brooke Burke_S7
Gilles Marini,Cheryl Burke,Actor/Actress,,France,33,8,2nd Place,2,80.0,90.0,90.0,100.0,96.66666666666667,86.66666666666667,90.0,91.66666666666666,93.33333333333333,100.0,96.66666666666667,finalist,Gilles Marini_S8
Denise Richards,Maksim Chmerkoskiy,Actor/Actress,Illinois,United States,38,8,Eliminated Week 3,12,60.0,70.0,53.333333333333336,,,,,,,,,3,Denise Richards_S8
David Alan Grier,Kym Johnson,Actor/Actress,Michigan,United States,52,8,Eliminated Week 5,9,63.33333333333333,56.666666666666664,80.0,73.33333333333333,73.33333333333333,,,,,,,5,David Alan Grier_S8
Lawrence Taylor,Edyta Sliwinska,Athlete,Virginia,United States,50,8,Eliminated Week 7,7,53.333333333333336,66.66666666666666,66.66666666666666,63.33333333333333,66.66666666666666,73.33333333333333,70.0,,,,,7,Lawrence Taylor_S8
Ty Murray,Chelsie Hightower,Athlete,Arizona,United States,39,8,Eliminated Week 10,4,46.666666666666664,66.66666666666666,76.66666666666667,83.33333333333334,70.0,60.0,80.0,86.66666666666667,76.66666666666667,80.0,,10,Ty Murray_S8
Shawn Johnson,Mark Ballas,Athlete,Iowa,United States,17,8,1st Place,1,76.66666666666667,80.0,90.0,83.33333333333334,86.66666666666667,86.66666666666667,93.33333333333333,86.66666666666667,93.33333333333333,93.33333333333333,100.0,finalist,Shawn Johnson_S8
Steve Wozniak,Karina Smirnoff,Entrepreneur,California,United States,58,8,Eliminated Week 4,10,43.333333333333336,56.666666666666664,33.33333333333333,40.0,,,,,,,,4,Steve Wozniak_S8
Belinda Carlisle,Jonathan Roberts,Singer/Rapper,California,United States,50,8,Eliminated Week 2,13,56.666666666666664,60.0,,,,,,,,,,2,Belinda Carlisle_S8
Chuck Wicks,Julianne Hough,Singer/Rapper,Delaware,United States,29,8,Eliminated Week 8,6,66.66666666666666,66.66666666666666,76.66666666666667,73.33333333333333,76.66666666666667,76.66666666666667,90.0,85.0,,,,8,Chuck Wicks_S8
Lil' Kim,Derek Hough,Singer/Rapper,New York,United States,34,8,Eliminated Week 9,5,70.0,76.66666666666667,83.33333333333334,90.0,86.66666666666667,93.33333333333333,86.66666666666667,93.33333333333333,86.66666666666667,,,9,Lil' Kim_S8
Steve-O,Lacey Schwimmer,TV Personality,,England,34,8,Eliminated Week 6,8,56.666666666666664,46.666666666666664,50.0,50.0,60.0,53.333333333333336,,,,,,6,Steve-O_S8
Holly Madison,Dmitry Chaplin,TV Personality,Oregon,United States,30,8,Eliminated Week 4,11,60.0,60.0,56.666666666666664,53.333333333333336,,,,,,,,4,Holly Madison_S8
Melissa Rycroft,Tony Dovolani,TV Personality,Texas,United States,26,8,3rd Place,3,76.66666666666667,86.66666666666667,90.0,96.66666666666667,83.33333333333334,90.0,96.66666666666667,76.66666666666667,95.0,91.66666666666666,95.0,finalist,Melissa Rycroft_S8
Ashley Hamiliton,Edyta Sliwinska,Actor/Actress,California,United States,34,9,Eliminated Week 1,16,63.333000000000006,,,,,,,,,,,1,Ashley Hamiliton_S9
Debi Mazar,Maksim Chmerkoskiy,Actor/Actress,New York,United States,45,9,Eliminated Week 3,12,73.33333333333333,70.0,56.666666666666664,,,,,,,,,3,Debi Mazar_S9
Melissa Joan Hart,Mark Ballas,Actor/Actress,New York,United States,33,9,Eliminated Week 6,9,80.0,63.33333333333333,63.33333333333333,93.33333333333333,76.66666666666667,79.99966666666667,,,,,,6,Melissa Joan Hart_S9
Mark Dacascos,Lacey Schwimmer,Actor/Actress,Hawaii,United States,45,9,Eliminated Week 7,6,96.666,70.0,60.0,73.33333333333333,86.66666666666667,53.333333333333336,71.66666666666667,,,,,7,Mark Dacascos_S9
Chuck Liddell,Anna Trebunskaya,Athlete,California,United States,39,9,Eliminated Week 4,11,73.33333333333333,63.33333333333333,56.666666666666664,56.666666666666664,,,,,,,,4,Chuck Liddell_S9
Natalie Coughlin,Alec Mazo,Athlete,California,United States,27,9,Eliminated Week 5,10,89.99933333333333,70.0,86.66666666666667,80.0,73.33333333333333,,,,,,,5,Natalie Coughlin_S9
Louie Vito,Chelsie Hightower,Athlete,Ohio,United States,21,9,Eliminated Week 6,8,89.99933333333333,63.33333333333333,66.66666666666666,53.333333333333336,73.33333333333333,80.0,,,,,,6,Louie Vito_S9
Michael Irvin,Anna Demidova,Athlete,Florida,United States,43,9,Eliminated Week 7,7,63.33333333333333,66.66666666666666,46.666666666666664,53.333333333333336,70.0,73.33266666666667,78.33333333333333,,,,,7,Michael Irvin_S9
Joanna Krupa,Derek Hough,Model,,Poland,30,9,Eliminated Week 9,4,56.6665,66.66666666666666,76.66666666666667,86.66666666666667,80.0,59.99983333333333,91.66666666666666,86.66666666666667,90.0,,,9,Joanna Krupa_S9
Kathy Ireland,Tony Dovolani,Model,California,United States,46,9,Eliminated Week 2,14,66.66633333333334,60.0,,,,,,,,,,2,Kathy Ireland_S9
Tom DeLay,Cheryl Burke,Politician,Texas,United States,62,9,Withdrew,13,66.66633333333334,60.0,50.0,,,,,,,,,withdrew,Tom DeLay_S9
Macy Gray,Jonathan Roberts,Singer/Rapper,Ohio,United States,42,9,Eliminated Week 1,15,63.333000000000006,,,,,,,,,,,1,Macy Gray_S9
Aaron Carter,Karina Smirnoff,Singer/Rapper,Florida,United States,21,9,Eliminated Week 8,5,53.33316666666666,90.0,70.0,60.0,80.0,54.99966666666667,88.33333333333333,83.33333333333334,,,,8,Aaron Carter_S9
Mya,Dmitry Chaplin,Singer/Rapper,Washington D.C.,United States,29,9,2nd Place,2,51.66649999999999,90.0,90.0,93.33333333333333,90.0,55.00000000000001,81.66666666666667,98.33333333333333,96.66633333333333,94.44399999999999,,finalist,Mya_S9
Donny Osmond,Kym Johnson,Singer/Rapper,Utah,United States,51,9,1st Place,1,49.99983333333333,83.33333333333334,70.0,80.0,96.66666666666667,51.66649999999999,86.66666666666667,83.33333333333334,82.222,96.666,,finalist,Donny Osmond_S9
Kelly Osbourne,Louis van Amstel,TV Personality,,England,24,9,3rd Place,3,51.666333333333334,63.33333333333333,66.66666666666666,76.66666666666667,80.0,83.33266666666667,86.66666666666667,85.0,86.666,84.074,,finalist,Kelly Osbourne_S9
Aiden Turner,Edyta Sliwinska,Actor/Actress,,England,32,10,Eliminated Week 4,9,50.0,63.33333333333333,66.66666666666666,55.00000000000001,,,,,,,,4,Aiden Turner_S10
Shannen Doherty,Mark Ballas,Actor/Actress,Tennessee,United States,38,10,Eliminated Week 2,11,60.0,66.66666666666666,,,,,,,,,,2,Shannen Doherty_S10
Niecy Nash,Louis van Amstel,Actor/Actress,California,United States,40,10,Eliminated Week 8,5,60.0,70.0,70.0,60.0,60.0,86.666,81.66666666666667,71.66666666666667,,,,8,Niecy Nash_S10
Buzz Aldrin,Ashly DelGrosso,Astronaut,New Jersey,United States,80,10,Eliminated Week 3,10,46.666666666666664,40.0,43.333333333333336,,,,,,,,,3,Buzz Aldrin_S10
Chad Ochocinco,Cheryl Burke,Athlete,Florida,United States,32,10,Eliminated Week 9,4,60.0,53.333333333333336,66.66666666666666,73.33333333333333,60.0,51.66649999999999,86.66666666666667,75.0,86.66666666666667,,,9,Chad Ochocinco_S10
Evan Lysacek,Anna Trebunskaya,Athlete,Illinois,United States,24,10,2nd Place,2,76.66666666666667,80.0,86.66666666666667,86.66666666666667,90.0,90.0,90.0,88.33333333333333,98.33333333333333,89.629,,finalist,Evan Lysacek_S10
Pamela Anderson,Damian Whitewood,Model,,Canada,42,10,Eliminated Week 7,6,70.0,73.33333333333333,70.0,78.33333333333333,70.0,49.99966666666667,85.0,,,,,7,Pamela Anderson_S10
Nicole Scherzinger,Derek Hough,Singer/Rapper,Hawaii,United States,31,10,1st Place,1,83.33333333333334,93.33333333333333,76.66666666666667,83.33333333333334,96.66666666666667,59.99983333333333,90.0,98.33333333333333,98.33333333333333,95.92566666666667,,finalist,Nicole Scherzinger_S10
Erin Andrews,Maksim Chmerkoskiy,Sports Broadcaster,Maine,United States,32,10,3rd Place,3,70.0,76.66666666666667,76.66666666666667,65.0,73.33333333333333,56.666666666666664,85.0,88.33333333333333,93.33333333333333,89.99933333333333,,finalist,Erin Andrews_S10
Kate Gosselin,Tony Dovolani,TV Personality,Pennsylvania,United States,35,10,Eliminated Week 5,8,53.333333333333336,50.0,50.0,53.333333333333336,50.0,,,,,,,5,Kate Gosselin_S10
Jake Pavelka,Chelsie Hightower,TV Personality,Texas,United States,32,10,Eliminated Week 6,7,66.66666666666666,66.66666666666666,70.0,63.33333333333333,76.66666666666667,83.33299999999998,,,,,,6,Jake Pavelka_S10
David Hasselhoff,Kym Johnson,Actor/Actress,Maryland,United States,58,11,Eliminated Week 1,12,50.0,,,,,,,,,,,1,David Hasselhoff_S11
Florence Henderson,Corky Ballas,Actor/Actress,Indiana,United States,76,11,Eliminated Week 5,8,60.0,63.33333333333333,66.66666666666666,58.333333333333336,70.0,,,,,,,5,Florence Henderson_S11
Kyle Massey,Lacey Schwimmer,Actor/Actress,Georgia,United States,19,11,2nd Place,2,76.66666666666667,73.33333333333333,76.66666666666667,66.66666666666666,66.66666666666666,49.99983333333333,83.75,93.33333333333333,96.66666666666667,91.11066666666666,,finalist,Kyle Massey_S11
Jennifer Grey,Derek Hough,Actor/Actress,New York,United States,50,11,1st Place,1,80.0,80.0,80.0,93.33333333333333,83.33333333333334,96.66666666666667,91.25,95.0,100.0,100.0,,finalist,Jennifer Grey_S11
Rick Fox,Cheryl Burke,Athlete,,Canada,41,11,Eliminated Week 7,6,73.33333333333333,70.0,80.0,65.0,80.0,100.0,86.25,,,,,7,Rick Fox_S11
Kurt Warner,Anna Trebunskaya,Athlete,Iowa,United States,39,11,Eliminated Week 8,5,63.33333333333333,70.0,76.66666666666667,56.666666666666664,80.0,73.333,87.5,80.0,,,,8,Kurt Warner_S11
Margaret Cho,Louis van Amstel,Comedian,California,United States,41,11,Eliminated Week 3,10,50.0,60.0,60.0,,,,,,,,,3,Margaret Cho_S11
Michael Bolton,Chelsie Hightower,Singer/Rapper,Connecticut,United States,57,11,Eliminated Week 2,11,53.333333333333336,40.0,,,,,,,,,,2,Michael Bolton_S11
Brandy,Maksim Chmerkoskiy,Singer/Rapper,Mississippi,United States,31,11,Eliminated Week 9,4,76.66666666666667,70.0,80.0,80.0,90.0,59.99983333333333,91.25,95.0,95.0,,,9,Brandy_S11
The Situation,Karina Smirnoff,TV Personality,New York,United States,28,11,Eliminated Week 4,9,50.0,60.0,66.66666666666666,46.666666666666664,,,,,,,,4,The Situation_S11
Audrina Patridge,Tony Dovolani,TV Personality,California,United States,25,11,Eliminated Week 6,7,63.33333333333333,76.66666666666667,86.66666666666667,76.66666666666667,76.66666666666667,53.333,,,,,,6,Audrina Patridge_S11
Bristol Palin,Mark Ballas,TV Personality,Alaska,United States,19,11,3rd Place,3,60.0,73.33333333333333,63.33333333333333,53.333333333333336,60.0,93.33266666666667,81.25,78.33333333333333,88.33333333333333,85.55533333333332,,finalist,Bristol Palin_S11
Ralph Macchio,Karina Smirnoff,Actor/Actress,New York,United States,49,12,Eliminated Week 9,4,80.0,70.0,70.0,83.33333333333334,73.33333333333333,80.0,82.5,76.66666666666667,80.0,,,9,Ralph Macchio_S12
Chelsea Kane,Mark Ballas,Actor/Actress,Arizona,United States,22,12,3rd Place,3,70.0,60.0,76.66666666666667,86.66666666666667,86.66666666666667,93.33333333333333,80.0,91.66666666666666,60.83333333333333,98.88866666666668,,finalist,Chelsea Kane_S12
Kirstie Alley,Maksim Chmerkoskiy,Actor/Actress,Kansas,United States,60,12,2nd Place,2,76.66666666666667,66.66666666666666,70.0,73.33333333333333,76.66666666666667,86.66666666666667,75.0,88.33333333333333,90.0,93.33299999999998,,finalist,Kirstie Alley_S12
Hines Ward,Kym Johnson,Athlete,,South Korea,35,12,1st Place,1,70.0,76.66666666666667,83.33333333333334,83.33333333333334,90.0,90.0,82.5,90.0,100.0,98.88866666666668,,finalist,Hines Ward_S12
Sugar Ray Leonard,Anna Trebunskaya,Athlete,North Carolina,United States,54,12,Eliminated Week 4,9,56.666666666666664,56.666666666666664,66.66666666666666,70.0,,,,,,,,4,Sugar Ray Leonard_S12
Chris Jericho,Cheryl Burke,Athlete,New York,United States,40,12,Eliminated Week 6,7,63.33333333333333,76.66666666666667,70.0,76.66666666666667,86.66666666666667,73.33333333333333,,,,,,6,Chris Jericho_S12
Petra Nemcova,Dmitry Chaplin,Model,,Czechoslovakia,31,12,Eliminated Week 5,8,60.0,60.0,83.33333333333334,76.66666666666667,73.33333333333333,,,,,,,5,Petra Nemcova_S12
Mike Catherwood,Lacey Schwimmer,Radio Personality,California,United States,32,12,Eliminated Week 2,11,43.333333333333336,56.666666666666664,,,,,,,,,,2,Mike Catherwood_S12
Romeo,Chelsie Hightower,Singer/Rapper,Louisiana,United States,21,12,Eliminated Week 8,5,63.33333333333333,76.66666666666667,66.66666666666666,76.66666666666667,86.66666666666667,93.33333333333333,75.0,86.66666666666667,,,,8,Romeo_S12
Wendy Williams,Tony Dovolani,TV Personality,New Jersey,United States,46,12,Eliminated Week 3,10,46.666666666666664,56.666666666666664,50.0,,,,,,,,,3,Wendy Williams_S12
Kendra Wilkinson,Louis van Amstel,TV Personality,California,United States,25,12,Eliminated Week 7,6,60.0,63.33333333333333,76.66666666666667,60.0,73.33333333333333,83.33333333333334,76.25,,,,,7,Kendra Wilkinson_S12
Elisabetta Canalis,Valentin Chmerkovskiy,Actor/Actress,,Italy,33,13,Eliminated Week 2,11,50.0,70.0,,,,,,,,,,2,Elisabetta Canalis_S13
David Arquette,Kym Johnson,Actor/Actress,Virginia,United States,40,13,Eliminated Week 7,6,60.0,60.0,80.0,76.66666666666667,83.33333333333334,76.66666666666667,78.33333333333333,,,,,7,David Arquette_S13
Ricki Lake,Derek Hough,Actor/Actress,New York,United States,42,13,3rd Place,3,66.66666666666666,76.66666666666667,90.0,96.66666666666667,80.0,96.66666666666667,88.33333333333333,86.66666666666667,55.833166666666656,93.33299999999998,,finalist,Ricki Lake_S13
J.R. Martinez,Karina Smirnoff,Actor/Actress,Louisiana,United States,28,13,1st Place,1,73.33333333333333,73.33333333333333,86.66666666666667,86.66666666666667,93.33333333333333,96.66666666666667,80.0,100.0,93.33333333333333,93.88833333333334,,finalist,J.R. Martinez_S13
Metta World Peace (Ron),Peta Murgatroyd,Athlete,New York,United States,31,13,Eliminated Week 1,12,46.666666666666664,,,,,,,,,,,1,Metta World Peace (Ron)_S13
Hope Solo,Maksim Chmerkoskiy,Athlete,Washington,United States,30,13,Eliminated Week 9,4,70.0,63.33333333333333,80.0,80.0,80.0,66.66666666666666,83.33333333333334,86.66666666666667,81.66600000000001,,,9,Hope Solo_S13
Chynna Phillips,Tony Dovolani,Singer/Rapper,California,United States,43,13,Eliminated Week 4,9,73.33333333333333,70.0,86.66666666666667,70.0,,,,,,,,4,Chynna Phillips_S13
Kristin Cavallari,Mark Ballas,TV Personality,Colorado,United States,24,13,Eliminated Week 3,10,63.33333333333333,73.33333333333333,80.0,,,,,,,,,3,Kristin Cavallari_S13
Carson Kressley,Anna Trebunskaya,TV Personality,Pennsylvania,United States,41,13,Eliminated Week 5,8,56.666666666666664,60.0,76.66666666666667,66.66666666666666,63.33333333333333,,,,,,,5,Carson Kressley_S13
Chaz Bono,Lacey Schwimmer,TV Personality,California,United States,42,13,Eliminated Week 6,7,56.666666666666664,56.666666666666664,60.0,70.0,70.0,63.33333333333333,,,,,,6,Chaz Bono_S13
Nancy Grace,Tristan MacManus,TV Personality,Georgia,United States,51,13,Eliminated Week 8,5,53.333333333333336,70.0,70.0,70.0,73.33333333333333,80.0,73.33333333333333,73.33333333333333,,,,8,Nancy Grace_S13
Rob Kardashian,Cheryl Burke,TV Personality,California,United States,24,13,2nd Place,2,53.333333333333336,70.0,80.0,80.0,83.33333333333334,73.33333333333333,85.0,85.0,54.16633333333334,94.44399999999999,,finalist,Rob Kardashian_S13
William Levy,Cheryl Burke,Actor/Actress,,Cuba,31,14,3rd Place,3,80.0,83.33333333333334,93.33333333333333,73.33333333333333,96.66666666666667,60.0,88.33333333333333,95.0,96.66666666666667,98.88866666666668,,finalist,William Levy_S14
Jack Wagner,Anna Trebunskaya,Actor/Actress,Missouri,United States,52,14,Eliminated Week 3,11,76.66666666666667,70.0,80.0,,,,,,,,,3,Jack Wagner_S14
Sherri Sheperd,Valentin Chmerkovskiy,Actor/Actress,Illinois,United States,44,14,Eliminated Week 4,10,76.66666666666667,76.66666666666667,80.0,70.0,,,,,,,,4,Sherri Sheperd_S14
Jaleel White,Kym Johnson,Actor/Actress,California,United States,35,14,Eliminated Week 7,7,86.66666666666667,73.33333333333333,83.33333333333334,73.33333333333333,80.0,61.666333333333334,85.0,,,,,7,Jaleel White_S14
Roshon Fegan,Chelsie Hightower,Actor/Actress,California,United States,20,14,Eliminated Week 8,6,76.66666666666667,86.66666666666667,83.33333333333334,86.66666666666667,86.66666666666667,93.33266666666667,86.66666666666667,93.33333333333333,,,,8,Roshon Fegan_S14
Melissa Gilbert,Maksim Chmerkoskiy,Actor/Actress,California,United States,47,14,Eliminated Week 8,5,66.66666666666666,66.66666666666666,80.0,73.33333333333333,70.0,100.0,78.33333333333333,85.0,,,,8,Melissa Gilbert_S14
Martina Navratilova,Tony Dovolani,Athlete,,Czechoslovakia,55,14,Eliminated Week 2,12,66.66666666666666,56.666666666666664,,,,,,,,,,2,Martina Navratilova_S14
Donald Driver,Peta Murgatroyd,Athlete,Texas,United States,37,14,1st Place,1,70.0,80.0,86.66666666666667,90.0,90.0,56.6665,88.33333333333333,91.66666666666666,95.0,98.88866666666668,,finalist,Donald Driver_S14
Gavin DeGraw,Karina Smirnoff,Singer/Rapper,New York,United States,35,14,Eliminated Week 5,9,66.66666666666666,70.0,80.0,76.66666666666667,63.33333333333333,,,,,,,5,Gavin DeGraw_S14
Gladys Knight,Tristan MacManus,Singer/Rapper,Georgia,United States,67,14,Eliminated Week 6,8,76.66666666666667,63.33333333333333,80.0,66.66666666666666,73.33333333333333,80.0,,,,,,6,Gladys Knight_S14
Katherine Jenkins,Mark Ballas,Singer/Rapper,,Wales,31,14,2nd Place,2,86.66666666666667,86.66666666666667,96.66666666666667,80.0,96.66666666666667,64.99983333333333,90.0,91.66666666666666,93.33333333333333,100.0,,finalist,Katherine Jenkins_S14
Maria Menounos,Derek Hough,TV Personality,Massachusetts,United States,33,14,Eliminated Week 9,4,70.0,83.33333333333334,90.0,86.66666666666667,90.0,49.99983333333333,95.0,88.33333333333333,98.33333333333333,,,9,Maria Menounos_S14
Gilles Marini,Peta Murgatroyd,Actor/Actress,,France,36,15,Eliminated Week 8,6,80.0,85.0,85.0,98.75,94.16666666666667,91.66666666666666,55.833,97.59233333333334,,,,8,Gilles Marini_S15
Sabrina Bryan,Louis van Amstel,Actor/Actress,California,United States,28,15,Eliminated Week 6,8,75.0,86.66666666666667,85.0,88.75,97.5,100.0,,,,,,6,Sabrina Bryan_S15
Kirstie Alley,Maksim Chmerkoskiy,Actor/Actress,Kansas,United States,61,15,Eliminated Week 8,7,63.33333333333333,70.0,80.0,75.0,87.5,91.66666666666666,93.33299999999998,85.0,,,,8,Kirstie Alley_S15
Kelly Monaco,Valentin Chmerkovskiy,Actor/Actress,Pennsylvania,United States,36,15,3rd Place,3,71.66666666666667,73.33333333333333,90.0,93.75,85.83333333333333,90.0,60.0,94.44433333333335,90.36999999999999,97.03633333333333,,finalist,Kelly Monaco_S15
Apolo Anton Ohno,Karina Smirnoff,Athlete,Washington,United States,30,15,Eliminated Week 9,5,73.33333333333333,81.66666666666667,85.0,86.25,94.16666666666667,100.0,55.00000000000001,97.59233333333334,95.36999999999999,,,9,Apolo Anton Ohno_S15
Emmitt Smith,Cheryl Burke,Athlete,Florida,United States,43,15,Eliminated Week 9,4,81.66666666666667,75.0,83.33333333333334,90.0,93.33333333333333,88.33333333333333,57.49983333333333,96.85133333333333,90.0,,,9,Emmitt Smith_S15
Shawn Johnson,Derek Hough,Athlete,Iowa,United States,20,15,2nd Place,2,73.33333333333333,83.33333333333334,88.33333333333333,98.75,94.16666666666667,93.33333333333333,63.333000000000006,92.77766666666668,98.33333333333333,96.481,,finalist,Shawn Johnson_S15
Pamela Anderson,Tristan MacManus,Model,,Canada,45,15,Eliminated Week 1,13,56.666666666666664,,,,,,,,,,,1,Pamela Anderson_S15
Helio Castroneves,Chelsie Hightower,Racing Driver,,Brazil,37,15,Eliminated Week 3,10,71.66666666666667,76.66666666666667,85.0,,,,,,,,,3,Helio Castroneves_S15
Joey Fatone,Kym Johnson,Singer/Rapper,New York,United States,35,15,Eliminated Week 2,12,68.33333333333333,75.0,,,,,,,,,,2,Joey Fatone_S15
Drew Lachey,Anna Trebunskaya,Singer/Rapper,Ohio,United States,36,15,Eliminated Week 3,11,71.66666666666667,75.0,80.0,,,,,,,,,3,Drew Lachey_S15
Bristol Palin,Mark Ballas,TV Personality,Alaska,United States,21,15,Eliminated Week 4,9,65.0,60.0,75.0,80.0,,,,,,,,4,Bristol Palin_S15
Melissa Rycroft,Tony Dovolani,TV Personality,Texas,United States,29,15,1st Place,1,70.0,78.33333333333333,90.0,92.5,94.16666666666667,98.33333333333333,64.99983333333333,100.0,95.92566666666667,97.77699999999999,,finalist,Melissa Rycroft_S15
Ingo Rademacher,Kym Johnson,Actor/Actress,,Germany,41,16,Eliminated Week 9,5,66.66666666666666,66.66666666666666,70.0,76.66666666666667,70.0,76.66666666666667,83.33333333333334,80.0,85.0,,,9,Ingo Rademacher_S16
Zendaya,Valentin Chmerkovskiy,Actor/Actress,California,United States,16,16,2nd Place,2,80.0,86.66666666666667,86.666,86.66666666666667,96.66666666666667,85.0,100.0,96.66666666666667,91.66666666666666,100.0,,finalist,Zendaya_S16
Dorothy Hamill,Tristan MacManus,Athlete,Illinois,United States,56,16,Withdrew,12,70.0,50.0,,,,,,,,,,withdrew,Dorothy Hamill_S16
Victor Ortiz,Lindsay Arnold,Athlete,Kansas,United States,26,16,Eliminated Week 6,8,60.0,60.0,76.66666666666667,60.0,70.0,66.66666666666666,,,,,,6,Victor Ortiz_S16
Alexandra Raisman,Mark Ballas,Athlete,Massachusetts,United States,18,16,Eliminated Week 10,4,70.0,80.0,76.66666666666667,90.0,83.33333333333334,86.66666666666667,53.333333333333336,93.33333333333333,98.33333333333333,96.66666666666667,,10,Alexandra Raisman_S16
Jacoby Jones,Karina Smirnoff,Athlete,Louisiana,United States,28,16,3rd Place,3,66.66666666666666,76.66666666666667,86.666,80.0,86.66666666666667,75.0,90.0,86.66666666666667,98.33333333333333,93.33299999999998,,finalist,Jacoby Jones_S16
D. L. Hughley,Cheryl Burke,Comedian,Virginia,United States,50,16,Eliminated Week 5,9,40.0,53.333333333333336,53.333333333333336,70.0,60.0,,,,,,,5,D. L. Hughley_S16
Andy Dick,Sharna Burgess,Comedian,South Carolina,United States,47,16,Eliminated Week 7,7,56.666666666666664,66.66666666666666,60.0,70.0,60.0,71.66666666666667,56.666666666666664,,,,,7,Andy Dick_S16
Wynonna Judd,Tony Dovolani,Singer/Rapper,Kentucky,United States,48,16,Eliminated Week 3,11,60.0,60.0,50.0,,,,,,,,,3,Wynonna Judd_S16
Kellie Pickler,Derek Hough,Singer/Rapper,North Carolina,United States,26,16,1st Place,1,70.0,86.66666666666667,83.33333333333334,86.66666666666667,90.0,90.0,96.66666666666667,91.66666666666666,96.66666666666667,100.0,,finalist,Kellie Pickler_S16
Lisa Vanderpump,Gleb Savchenko,TV Personality,,England,52,16,Eliminated Week 4,10,60.0,60.0,70.0,60.0,,,,,,,,4,Lisa Vanderpump_S16
Sean Lowe,Peta Murgatroyd,TV Personality,Texas,United States,29,16,Eliminated Week 8,6,63.33333333333333,66.66666666666666,70.0,66.66666666666666,80.0,76.66666666666667,80.0,70.0,,,,8,Sean Lowe_S16
Valerie Harper,Tristan MacManus,Actor/Actress,New York,United States,74,17,Eliminated Week 4,10,70.0,63.33333333333333,53.333333333333336,60.0,,,,,,,,4,Valerie Harper_S17
Brant Daugherty,Peta Murgatroyd,Actor/Actress,Ohio,United States,28,17,Eliminated Week 8,7,73.33333333333333,76.66666666666667,90.0,70.0,90.0,51.66666666666667,95.0,90.0,,,,8,Brant Daugherty_S17
Elizabeth Berkley Lauren,Valentin Chmerkovskiy,Actor/Actress,Michigan,United States,39,17,Eliminated Week 9,6,80.0,83.33333333333334,83.33333333333334,90.0,86.66666666666667,53.333,90.0,83.33333333333334,93.33333333333333,,,9,Elizabeth Berkley Lauren_S17
Leah Remini,Tony Dovolani,Actor/Actress,New York,United States,43,17,Eliminated Week 10,5,70.0,80.0,80.0,80.0,73.33333333333333,93.33299999999998,88.33333333333333,93.33333333333333,90.0,81.25,,10,Leah Remini_S17
Corbin Bleu,Karina Smirnoff,Actor/Actress,New York,United States,24,17,2nd Place,2,80.0,86.66666666666667,86.66666666666667,90.0,93.33333333333333,89.99966666666666,98.33333333333333,100.0,96.66666666666667,93.75,98.888,finalist,Corbin Bleu_S17
Amber Riley,Derek Hough,Actor/Actress,California,United States,27,17,1st Place,1,90.0,80.0,80.0,90.0,86.66666666666667,53.33316666666666,98.33333333333333,93.33333333333333,85.0,98.75,52.222,finalist,Amber Riley_S17
Keyshawn Johnson,Sharna Burgess,Athlete,California,United States,41,17,Eliminated Week 2,12,56.666666666666664,60.0,,,,,,,,,,2,Keyshawn Johnson_S17
Bill Engvall,Emma Slater,Comedian,Texas,United States,56,17,Eliminated Week 11,4,60.0,70.0,80.0,70.0,80.0,79.99966666666667,83.33333333333334,80.0,70.0,75.0,84.99966666666666,11,Bill Engvall_S17
Christina Milian,Mark Ballas,Singer/Rapper,New Jersey,United States,31,17,Eliminated Week 5,9,73.33333333333333,83.33333333333334,86.66666666666667,80.0,93.33333333333333,,,,,,,5,Christina Milian_S17
"Nicole ""Snooki"" Polizzi",Sasha Farber,TV Personality,,Chile,25,17,Eliminated Week 7,8,76.66666666666667,66.66666666666666,83.33333333333334,80.0,90.0,100.0,90.0,,,,,7,"Nicole ""Snooki"" Polizzi_S17"
Jack Osbourne,Cheryl Burke,TV Personality,,England,27,17,3rd Place,3,76.66666666666667,80.0,73.33333333333333,80.0,90.0,89.99933333333333,95.0,100.0,90.0,88.75,93.33299999999998,finalist,Jack Osbourne_S17
Bill Nye,Tyne Stecklein,TV Personality,Washington D.C.,United States,57,17,Eliminated Week 3,11,46.666666666666664,56.666666666666664,53.333333333333336,,,,,,,,,3,Bill Nye_S17
Billy Dee Williams,Emma Slater,Actor/Actress,New York,United States,76,18,Withdrew,10,50.0,50.0,,,,,,,,,,withdrew,Billy Dee Williams_S18
Danica McKellar,Valentin Chmerkovskiy,Actor/Actress,California,United States,39,18,Eliminated Week 8,6,80.0,80.0,90.0,80.0,97.5,90.0,90.0,95.0,,,,8,Danica McKellar_S18
James Maslow,Peta Murgatroyd,Actor/Actress,New York,United States,23,18,Eliminated Week 10,4,70.0,83.33333333333334,90.0,87.5,100.0,87.5,87.5,90.0,95.0,96.66666666666667,,10,James Maslow_S18
Candace Cameron Bure,Mark Ballas,Actor/Actress,California,United States,37,18,3rd Place,3,83.33333333333334,70.0,80.0,70.0,87.5,80.0,92.5,90.0,90.0,86.666,,finalist,Candace Cameron Bure_S18
Sean Avery,Karina Smirnoff,Athlete,,Canada,33,18,Eliminated Week 2,11,66.66666666666666,70.0,,,,,,,,,,2,Sean Avery_S18
Diana Nyad,Henry Byalikov,Athlete,New York,United States,64,18,Eliminated Week 2,12,60.0,,,,,,,,,,,2,Diana Nyad_S18
Charlie White,Sharna Burgess,Athlete,Michigan,United States,26,18,Eliminated Week 9,5,90.0,83.33333333333334,90.0,82.5,92.5,90.0,88.75,100.0,95.0,,,9,Charlie White_S18
Amy Purdy,Derek Hough,Athlete,Nevada,United States,34,18,2nd Place,2,80.0,80.0,90.0,85.0,92.5,95.0,93.75,100.0,97.5,98.88866666666668,,finalist,Amy Purdy_S18
Meryl Davis,Maksim Chmerkoskiy,Athlete,Michigan,United States,27,18,1st Place,1,80.0,83.33333333333334,97.5,97.5,90.0,100.0,97.5,90.0,100.0,100.0,,finalist,Meryl Davis_S18
Drew Carey,Cheryl Burke,Comedian,Ohio,United States,55,18,Eliminated Week 6,8,70.0,70.0,75.0,82.5,70.0,80.0,,,,,,6,Drew Carey_S18
Cody Simpson,Witney Carson,Singer/Rapper,,Australia,17,18,Eliminated Week 5,9,73.33333333333333,73.33333333333333,87.5,77.5,85.0,,,,,,,5,Cody Simpson_S18
NeNe Leakes,Tony Dovolani,TV Personality,New York,United States,46,18,Eliminated Week 7,7,70.0,70.0,77.5,80.0,90.0,82.5,82.5,,,,,7,NeNe Leakes_S18
Antonio Sabato Jr.,Cheryl Burke,Actor/Actress,,Italy,42,19,Eliminated Week 7,8,62.5,77.5,72.5,72.5,70.0,70.0,73.75,,,,,7,Antonio Sabato Jr._S19
Jonathan Bennett,Allison Holker,Actor/Actress,Ohio,United States,33,19,Eliminated Week 6,9,75.0,75.0,80.0,60.0,60.0,80.0,,,,,,6,Jonathan Bennett_S19
Lea Thompson,Artem Chigvintsev,Actor/Actress,Minnesota,United States,53,19,Eliminated Week 9,6,80.0,87.5,77.5,97.5,85.0,80.0,87.5,80.0,87.5,,,9,Lea Thompson_S19
Janel Parrish,Valentin Chmerkovskiy,Actor/Actress,Hawaii,United States,25,19,3rd Place,3,72.5,85.0,100.0,90.0,82.5,82.5,83.75,53.75,96.25,97.5,97.49950000000001,finalist,Janel Parrish_S19
Alfonso Ribeiro,Witney Carson,Actor/Actress,New York,United States,42,19,1st Place,1,90.0,80.0,80.0,100.0,85.0,97.5,85.0,51.24999999999999,96.25,93.75,100.0,finalist,Alfonso Ribeiro_S19
Lolo Jones,Keo Motsepe,Athlete,Iowa,United States,32,19,Eliminated Week 1,13,55.00000000000001,,,,,,,,,,,1,Lolo Jones_S19
Randy Couture,Karina Smirnoff,Athlete,Washington,United States,51,19,Eliminated Week 3,11,77.5,70.0,65.0,,,,,,,,,3,Randy Couture_S19
Tommy Chong,Peta Murgatroyd,Comedian,,Canada,76,19,Eliminated Week 10,5,67.5,70.0,85.0,70.0,57.49999999999999,70.0,75.0,72.5,71.25,77.5,,10,Tommy Chong_S19
Betsey Johnson,Tony Dovolani,Fashion Designer,Connecticut,United States,72,19,Eliminated Week 4,10,50.0,70.0,72.5,72.5,,,,,,,,4,Betsey Johnson_S19
Michael Waltrip,Emma Slater,Racing Driver,Kentucky,United States,51,19,Eliminated Week 8,7,62.5,60.0,70.0,62.5,50.0,75.0,70.0,62.5,,,,8,Michael Waltrip_S19
Tavis Smiley,Sharna Burgess,Radio Personality,Mississippi,United States,50,19,Eliminated Week 2,12,72.5,70.0,,,,,,,,,,2,Tavis Smiley_S19
Bethany Mota,Derek Hough,Social Media Personality,California,United States,18,19,Eliminated Week 11,4,80.0,82.5,100.0,82.5,80.0,90.0,93.75,50.0,92.5,95.0,95.0,11,Bethany Mota_S19
Sadie Robertson,Mark Ballas,TV Personality,Louisiana,United States,17,19,2nd Place,2,85.0,77.5,80.0,92.5,90.0,87.5,77.5,95.0,91.25,92.5,98.33300000000001,finalist,Sadie Robertson_S19
Suzanne Somers,Tony Dovolani,Actor/Actress,California,United States,68,20,Eliminated Week 5,9,62.5,70.0,62.5,70.0,70.0,,,,,,,5,Suzanne Somers_S20
Willow Shields,Mark Ballas,Actor/Actress,New Mexico,United States,14,20,Eliminated Week 7,7,62.5,80.0,80.0,97.5,85.0,91.25,48.75,,,,,7,Willow Shields_S20
Riker Lynch,Allison Holker,Actor/Actress,Colorado,United States,23,20,2nd Place,2,77.5,80.0,85.0,85.0,95.0,95.0,92.5,97.5,100.0,100.0,,finalist,Riker Lynch_S20
Rumer Willis,Valentin Chmerkovskiy,Actor/Actress,Kentucky,United States,26,20,1st Place,1,80.0,80.0,82.5,87.5,97.5,88.75,92.5,100.0,97.5,100.0,,finalist,Rumer Willis_S20
Nastia Liukin,Derek Hough,Athlete,,Russia,25,20,Eliminated Week 9,4,75.0,85.0,85.0,90.0,95.0,91.25,51.24999999999999,95.0,100.0,,,9,Nastia Liukin_S20
Michael Sam,Peta Murgatroyd,Athlete,Texas,United States,25,20,Eliminated Week 4,10,65.0,70.0,60.0,75.0,,,,,,,,4,Michael Sam_S20
Robert Herjavec,Kym Johnson,Entrepreneur,,Croatia,52,20,Eliminated Week 8,6,70.0,70.0,72.5,85.0,60.0,83.75,77.5,77.5,,,,8,Robert Herjavec_S20
Charlotte McKinney,Keo Motsepe,Model,Florida,United States,21,20,Eliminated Week 3,11,55.00000000000001,65.0,55.00000000000001,,,,,,,,,3,Charlotte McKinney_S20
Noah Galloway,Sharna Burgess,Motivational Speaker,Alabama,United States,33,20,3rd Place,3,65.0,67.5,75.0,80.0,70.0,85.0,47.5,78.75,95.0,90.0,,finalist,Noah Galloway_S20
Redfoo,Emma Slater,Singer/Rapper,California,United States,39,20,Eliminated Week 2,12,55.00000000000001,77.5,,,,,,,,,,2,Redfoo_S20
Patti LaBelle,Artem Chigvintsev,Singer/Rapper,Pennsylvania,United States,70,20,Eliminated Week 6,8,62.5,70.0,55.00000000000001,75.0,67.5,85.0,,,,,,6,Patti LaBelle_S20
Chris Soules,Witney Carson,TV Personality,Iowa,United States,33,20,Eliminated Week 8,5,65.0,52.5,70.0,67.5,67.5,87.5,77.5,80.0,,,,8,Chris Soules_S20
Gary Busey,Anna Trebunskaya,Actor/Actress,Texas,United States,71,21,Eliminated Week 4,10,50.0,55.00000000000001,62.5,53.333333333333336,,,,,,,,4,Gary Busey_S21
Alexa PenaVega,Mark Ballas,Actor/Actress,Florida,United States,27,21,Eliminated Week 9,6,73.33333333333333,76.66666666666667,90.0,70.0,100.0,75.0,91.66666666666666,89.99933333333333,100.0,,,9,Alexa PenaVega_S21
Carlos PenaVega,Witney Carson,Actor/Actress,Missouri,United States,26,21,Eliminated Week 11,4,76.66666666666667,75.0,77.5,83.33333333333334,97.5,95.0,93.33333333333333,96.666,90.0,52.5,100.0,11,Carlos PenaVega_S21
Victor Espinoza,Karina Smirnoff,Athlete,,Mexico,43,21,Eliminated Week 2,12,50.0,61.66666666666667,,,,,,,,,,2,Victor Espinoza_S21
Alek Skarlatos,Lindsay Arnold,Military,California,United States,22,21,3rd Place,3,73.33333333333333,75.0,82.5,80.0,72.5,75.0,88.33333333333333,83.33333333333334,85.0,95.0,93.33299999999998,finalist,Alek Skarlatos_S21
Chaka Khan,Keo Motsepe,Singer/Rapper,Illinois,United States,62,21,Eliminated Week 2,13,43.333333333333336,50.0,,,,,,,,,,2,Chaka Khan_S21
Andy Grammer,Allison Holker,Singer/Rapper,California,United States,31,21,Eliminated Week 8,7,70.0,73.33333333333333,72.5,76.66666666666667,90.0,100.0,93.33333333333333,79.99933333333334,,,,8,Andy Grammer_S21
Tamar Braxton,Valentin Chmerkovskiy,Singer/Rapper,Maryland,United States,38,21,Withdrew,5,76.66666666666667,81.66666666666667,82.5,90.0,72.5,100.0,90.0,93.33333333333333,81.66666666666667,,,withdrew,Tamar Braxton_S21
Nick Carter,Sharna Burgess,Singer/Rapper,New York,United States,35,21,2nd Place,2,80.0,75.0,90.0,90.0,87.5,97.5,90.0,55.00000000000001,91.66666666666666,90.0,100.0,finalist,Nick Carter_S21
Hayes Grier,Emma Slater,Social Media Personality,North Carolina,United States,15,21,Eliminated Week 7,8,70.0,75.0,75.0,90.0,75.0,80.0,93.33333333333333,,,,,7,Hayes Grier_S21
Bindi Irwin,Derek Hough,TV Personality,,Australia,17,21,1st Place,1,80.0,80.0,80.0,93.33333333333333,92.5,100.0,96.66666666666667,93.33333333333333,100.0,52.5,100.0,finalist,Bindi Irwin_S21
Kim Zolciak-Biermann,Tony Dovolani,TV Personality,Florida,United States,37,21,Withdrew,11,40.0,61.66666666666667,,,,,,,,,,withdrew,Kim Zolciak-Biermann_S21
Paula Deen,Louis van Amstel,TV Personality,Georgia,United States,68,21,Eliminated Week 6,9,50.0,61.66666666666667,50.0,60.0,65.0,60.0,,,,,,6,Paula Deen_S21
Mischa Barton,Artem Chigvintsev,Actor/Actress,,England,30,22,Eliminated Week 3,11,53.333333333333336,50.0,60.0,,,,,,,,,3,Mischa Barton_S22
Kim Fields,Sasha Farber,Actor/Actress,New York,United States,46,22,Eliminated Week 7,8,66.66666666666666,63.33333333333333,73.33333333333333,80.0,70.0,80.0,86.66666666666667,,,,,7,Kim Fields_S22
Jodie Sweetin,Keo Motsepe,Actor/Actress,California,United States,34,22,Eliminated Week 8,6,66.66666666666666,70.0,76.66666666666667,67.5,87.5,83.33333333333334,85.0,100.0,,,,8,Jodie Sweetin_S22
Doug Flutie,Karina Smirnoff,Athlete,Maryland,United States,53,22,Eliminated Week 6,9,50.0,66.66666666666666,66.66666666666666,60.0,70.0,70.0,,,,,,6,Doug Flutie_S22
Von Miller,Witney Carson,Athlete,Texas,United States,27,22,Eliminated Week 7,7,70.0,66.66666666666666,66.66666666666666,80.0,72.5,80.0,86.66666666666667,,,,,7,Von Miller_S22
Antonio Brown,Sharna Burgess,Athlete,Florida,United States,27,22,Eliminated Week 9,5,70.0,63.33333333333333,66.66666666666666,87.5,65.0,90.0,86.66666666666667,90.0,91.66666666666666,,,9,Antonio Brown_S22
Paige VanZant,Mark Ballas,Athlete,Oregon,United States,22,22,2nd Place,2,70.0,80.0,76.66666666666667,90.0,77.5,93.33333333333333,91.66666666666666,93.33333333333333,98.33333333333333,98.88866666666668,,finalist,Paige VanZant_S22
Geraldo Rivera,Edyta Sliwinska,Journalist,New York,United States,72,22,Eliminated Week 2,12,43.333333333333336,43.333333333333336,,,,,,,,,,2,Geraldo Rivera_S22
Nyle DiMarco,Peta Murgatroyd,Model,New York,United States,26,22,1st Place,1,76.66666666666667,66.66666666666666,83.33333333333334,85.0,92.5,83.33333333333334,93.33333333333333,96.66666666666667,95.0,96.666,,finalist,Nyle DiMarco_S22
Ginger Zee,Valentin Chmerkovskiy,News Anchor,California,United States,35,22,3rd Place,3,76.66666666666667,70.0,70.0,90.0,80.0,80.0,91.66666666666666,100.0,93.33333333333333,94.44399999999999,,finalist,Ginger Zee_S22
Wanya Morris,Lindsay Arnold,Singer/Rapper,Pennsylvania,United States,42,22,Eliminated Week 9,4,76.66666666666667,80.0,80.0,87.5,75.0,96.66666666666667,91.66666666666666,83.33333333333334,100.0,,,9,Wanya Morris_S22
Marla Maples,Tony Dovolani,TV Personality,Georgia,United States,52,22,Eliminated Week 4,10,70.0,66.66666666666666,70.0,70.0,,,,,,,,4,Marla Maples_S22
Jake T. Austin,Jenna Johnson,Actor/Actress,New York,United States,21,23,Eliminated Week 2,13,55.00000000000001,60.0,,,,,,,,,,2,Jake T. Austin_S23
Maureen McCormick,Artem Chigvintsev,Actor/Actress,California,United States,60,23,Eliminated Week 7,8,55.00000000000001,65.0,70.0,80.0,80.0,77.5,82.5,,,,,7,Maureen McCormick_S23
Marilu Henner,Derek Hough,Actor/Actress,Illinois,United States,64,23,Eliminated Week 9,6,67.5,67.5,70.0,70.0,90.0,85.0,80.0,76.66666666666667,90.0,,,9,Marilu Henner_S23
Ryan Lochte,Cheryl Burke,Athlete,New York,United States,32,23,Eliminated Week 8,7,60.0,60.0,62.5,73.33333333333333,80.0,75.0,82.5,86.66666666666667,,,,8,Ryan Lochte_S23
Calvin Johnson Jr.,Lindsay Arnold,Athlete,Georgia,United States,30,23,3rd Place,3,65.0,70.0,80.0,76.66666666666667,80.0,92.5,92.5,100.0,92.5,93.33333333333333,95.83275,finalist,Calvin Johnson Jr._S23
Laurie Hernandez,Valentin Chmerkovskiy,Athlete,New Jersey,United States,16,23,1st Place,1,77.5,80.0,77.5,100.0,83.33333333333334,92.5,86.25,55.00000000000001,100.0,100.0,98.33300000000001,finalist,Laurie Hernandez_S23
Amber Rose,Maksim Chmerkoskiy,Model,Pennsylvania,United States,32,23,Eliminated Week 6,9,60.0,60.0,62.5,80.0,80.0,70.0,,,,,,6,Amber Rose_S23
Rick Perry,Emma Slater,Politician,Texas,United States,66,23,Eliminated Week 3,12,50.0,55.00000000000001,57.49999999999999,,,,,,,,,3,Rick Perry_S23
James Hinchcliffe,Sharna Burgess,Racing Driver,,Canada,29,23,2nd Place,2,77.5,72.5,72.5,93.33333333333333,96.66666666666667,95.0,92.5,58.333,90.0,98.33333333333333,97.49950000000001,finalist,James Hinchcliffe_S23
Babyface,Allison Holker,Singer/Rapper,Indiana,United States,57,23,Eliminated Week 4,11,65.0,75.0,62.5,60.0,,,,,,,,4,Babyface_S23
Vanilla Ice,Witney Carson,Singer/Rapper,Texas,United States,48,23,Eliminated Week 4,10,62.5,65.0,57.49999999999999,76.66666666666667,,,,,,,,4,Vanilla Ice_S23
Jana Kramer,Gleb Savchenko,Singer/Rapper,Michigan,United States,32,23,Eliminated Week 11,4,67.5,72.5,65.0,76.66666666666667,86.66666666666667,100.0,86.25,100.0,100.0,96.66666666666667,88.75,11,Jana Kramer_S23
Terra Jole,Sasha Farber,TV Personality,Texas,United States,36,23,Eliminated Week 10,5,62.5,77.5,75.0,83.33333333333334,90.0,75.0,86.25,80.0,95.0,100.0,,10,Terra Jole_S23
Charo,Keo Motsepe,Actor/Actress,,Spain,66,24,Eliminated Week 3,11,52.5,62.5,60.0,,,,,,,,,3,Charo_S24
Mr. T,Kym Herjavec,Actor/Actress,Illinois,United States,64,24,Eliminated Week 4,10,50.0,55.00000000000001,60.0,70.0,,,,,,,,4,Mr. T_S24
Heather Morris,Maksim Chmerkoskiy,Actor/Actress,California,United States,30,24,Eliminated Week 6,8,70.0,75.0,82.5,87.5,85.0,92.5,,,,,,6,Heather Morris_S24
Nancy Kerrigan,Artem Chigvintsev,Athlete,Massachusetts,United States,47,24,Eliminated Week 7,7,70.0,70.0,82.5,82.5,90.0,83.75,90.0,,,,,7,Nancy Kerrigan_S24
Bonner Bolton,Sharna Burgess,Athlete,Texas,United States,29,24,Eliminated Week 8,5,55.00000000000001,70.0,60.0,80.0,75.0,78.75,77.5,72.5,,,,8,Bonner Bolton_S24
Simone Biles,Sasha Farber,Athlete,Ohio,United States,20,24,Eliminated Week 9,4,80.0,72.5,80.0,90.0,95.0,86.25,48.75,90.0,100.0,,,9,Simone Biles_S24
David Ross,Lindsay Arnold,Athlete,Georgia,United States,40,24,2nd Place,2,70.0,67.5,77.5,77.5,72.5,77.5,80.0,81.25,87.5,90.83324999999999,,finalist,David Ross_S24
Rashad Jennings,Emma Slater,Athlete,Virginia,United States,32,24,1st Place,1,77.5,80.0,70.0,97.5,80.0,87.5,48.75,93.75,96.25,99.1665,,finalist,Rashad Jennings_S24
Chris Kattan,Witney Carson,Comedian,California,United States,46,24,Eliminated Week 2,12,42.5,55.00000000000001,,,,,,,,,,2,Chris Kattan_S24
Erika Jayne,Gleb Savchenko,Singer/Rapper,Georgia,United States,45,24,Eliminated Week 5,9,60.0,70.0,65.0,75.0,80.0,,,,,,,5,Erika Jayne_S24
Normani,Valentin Chmerkovskiy,Singer/Rapper,Georgia,United States,20,24,3rd Place,3,67.5,80.0,85.0,80.0,97.5,90.0,52.5,98.75,95.0,98.33300000000001,,finalist,Normani_S24
Nick Viall,Peta Murgatroyd,TV Personality,Wisconsin,United States,36,24,Eliminated Week 7,6,60.0,62.5,65.0,75.0,85.0,76.25,85.0,,,,,7,Nick Viall_S24
Sasha Pieterse,Gleb Savchenko,Actor/Actress,,South Africa,21,25,Eliminated Week 5,10,60.0,75.0,63.33333333333333,80.0,80.0,,,,,,,5,Sasha Pieterse_S25
Frankie Muniz,Witney Carson,Actor/Actress,New Jersey,United States,31,25,3rd Place,3,63.33333333333333,80.0,70.0,80.0,96.66666666666667,77.5,100.0,88.33333333333333,85.0,97.22175,,finalist,Frankie Muniz_S25
Jordan Fisher,Lindsay Arnold,Actor/Actress,Alabama,United States,23,25,1st Place,1,73.33333333333333,80.0,83.33333333333334,96.66666666666667,100.0,97.5,90.0,100.0,96.66666666666667,100.0,,finalist,Jordan Fisher_S25
Derek Fisher,Sharna Burgess,Athlete,Arkansas,United States,43,25,Eliminated Week 4,11,60.0,63.33333333333333,70.0,76.66666666666667,,,,,,,,4,Derek Fisher_S25
Nikki Bella,Artem Chigvintsev,Athlete,California,United States,33,25,Eliminated Week 7,8,66.66666666666666,65.0,70.0,80.0,90.0,90.0,80.0,,,,,7,Nikki Bella_S25
Terrell Owens,Cheryl Burke,Athlete,Alabama,United States,43,25,Eliminated Week 8,6,50.0,65.0,70.0,80.0,83.33333333333334,92.5,81.66666666666667,85.0,,,,8,Terrell Owens_S25
Victoria Arlen,Valentin Chmerkovskiy,Athlete,New Hamshire,United States,22,25,Eliminated Week 9,5,63.33333333333333,73.33333333333333,73.33333333333333,90.0,90.0,77.5,95.0,80.0,93.33333333333333,,,9,Victoria Arlen_S25
Barbara Corcoran,Keo Motsepe,Entrepreneur,New Jersey,United States,68,25,Eliminated Week 2,13,46.666666666666664,56.666666666666664,,,,,,,,,,2,Barbara Corcoran_S25
Lindsey Stirling,Mark Ballas,Musician,California,United States,31,25,2nd Place,2,73.33333333333333,75.0,90.0,86.66666666666667,93.33333333333333,100.0,85.0,90.0,95.0,100.0,,finalist,Lindsey Stirling_S25
Debbie Gibson,Alan Bersten,Singer/Rapper,New York,United States,47,25,Eliminated Week 2,12,56.666666666666664,68.33333333333333,,,,,,,,,,2,Debbie Gibson_S25
Nick Lachey,Peta Murgatroyd,Singer/Rapper,Kentucky,United States,43,25,Eliminated Week 6,9,60.0,63.33333333333333,70.0,73.33333333333333,73.33333333333333,65.0,,,,,,6,Nick Lachey_S25
Drew Scott,Emma Slater,TV Personality,,Canada,39,25,Eliminated Week 10,4,53.333333333333336,68.33333333333333,76.66666666666667,80.0,83.33333333333334,75.0,95.0,78.33333333333333,80.0,93.75,,10,Drew Scott_S25
Vanessa Lachey,Maksim Chmerkoskiy,TV Personality,,Philippines,36,25,Eliminated Week 7,7,70.0,78.33333333333333,76.66666666666667,80.0,80.0,90.0,90.0,,,,,7,Vanessa Lachey_S25
Jamie Anderson,Artem Chigvintsev,Athlete,California,United States,27,26,Eliminated Week 1,10,63.33333333333333,,,,,,,,,,,1,Jamie Anderson_S26
Johnny Damon,Emma Slater,Athlete,Kansas,United States,44,26,Eliminated Week 1,9,60.0,,,,,,,,,,,1,Johnny Damon_S26
Kareem Abdul-Jabbar,Lindsay Arnold,Athlete,New York,United States,71,26,Eliminated Week 2,8,56.666666666666664,73.75,,,,,,,,,,2,Kareem Abdul-Jabbar_S26
Arike Ogunbowale,Gleb Savchenko,Athlete,Wisconsin,United States,21,26,Eliminated Week 2,7,66.66666666666666,87.5,,,,,,,,,,2,Arike Ogunbowale_S26
Jennie Finch Daigle,Keo Motsepe,Athlete,California,United States,37,26,Eliminated Week 3,6,70.0,78.75,72.5,,,,,,,,,3,Jennie Finch Daigle_S26
Chris Mazdzer,Witney Carson,Athlete,Massachusetts,United States,29,26,Eliminated Week 3,5,70.0,82.5,82.5,,,,,,,,,3,Chris Mazdzer_S26
Mirai Nagasu,Alan Bersten,Athlete,California,United States,25,26,Eliminated Week 3,4,76.66666666666667,92.5,87.5,,,,,,,,,3,Mirai Nagasu_S26
Tonya Harding,Sasha Farber,Athlete,Oregon,United States,47,26,3rd Place,3,76.66666666666667,82.5,87.5,93.33333333333333,,,,,,,,finalist,Tonya Harding_S26
Josh Norman,Sharna Burgess,Athlete,South Carolina,United States,30,26,2nd Place,2,80.0,78.75,95.0,95.0,,,,,,,,finalist,Josh Norman_S26
Adam Rippon,Jenna Johnson,Athlete,Pennsylvania,United States,28,26,1st Place,1,80.0,92.5,51.24999999999999,96.66666666666667,,,,,,,,finalist,Adam Rippon_S26
Juan Pablo Di Pace,Cheryl Burke,Actor/Actress,,Argentina,39,27,Eliminated Week 8,5,73.33333333333333,86.66666666666667,100.0,80.0,96.66666666666667,100.0,93.33333333333333,100.0,,,,8,Juan Pablo Di Pace_S27
Evanna Lynch,Keo Motsepe,Actor/Actress,,Ireland,27,27,3rd Place,3,60.0,80.0,90.0,80.0,80.0,96.66666666666667,98.33333333333333,96.66666666666667,100.0,,,finalist,Evanna Lynch_S27
Nancy McKeon,Valentin Chmerkovskiy,Actor/Actress,New York,United States,52,27,Eliminated Week 3,11,65.0,68.33333333333333,73.33333333333333,,,,,,,,,3,Nancy McKeon_S27
John Schneider,Emma Slater,Actor/Actress,New York,United States,58,27,Eliminated Week 7,8,60.0,71.66666666666667,70.0,70.0,80.0,63.33333333333333,90.0,,,,,7,John Schneider_S27
Milo Manheim,Witney Carson,Actor/Actress,California,United States,17,27,2nd Place,2,66.66666666666666,86.66666666666667,90.0,96.66666666666667,90.0,100.0,96.66666666666667,91.66666666666666,100.0,,,finalist,Milo Manheim_S27
Danelle Umstead,Artem Chigvintsev,Athlete,New Mexico,United States,46,27,Eliminated Week 2,12,60.0,61.66666666666667,,,,,,,,,,2,Danelle Umstead_S27
Mary Lou Retton,Sasha Farber,Athlete,West Virginia,United States,50,27,Eliminated Week 6,9,66.66666666666666,76.66666666666667,80.0,86.66666666666667,83.33333333333334,80.0,,,,,,6,Mary Lou Retton_S27
DeMarcus Ware,Lindsay Arnold,Athlete,Alabama,United States,36,27,Eliminated Week 7,7,76.66666666666667,78.33333333333333,86.66666666666667,73.33333333333333,86.66666666666667,86.66666666666667,88.33333333333333,,,,,7,DeMarcus Ware_S27
Nikki Glaser,Gleb Savchenko,Comedian,Ohio,United States,34,27,Eliminated Week 1,13,58.333333333333336,,,,,,,,,,,1,Nikki Glaser_S27
Bobby Bones,Sharna Burgess,Radio Personality,Arkansas,United States,38,27,1st Place,1,66.66666666666666,65.0,76.66666666666667,66.66666666666666,70.0,73.33333333333333,88.33333333333333,75.0,90.0,,,finalist,Bobby Bones_S27
Tinashe,Brandon Armstrong,Singer/Rapper,Kentucky,United States,25,27,Eliminated Week 4,10,76.66666666666667,86.66666666666667,90.0,86.66666666666667,,,,,,,,4,Tinashe_S27
Alexis Ren,Alan Bersten,Social Media Personality,California,United States,21,27,4th Place,4,73.33333333333333,81.66666666666667,86.66666666666667,83.33333333333334,96.66666666666667,90.0,91.66666666666666,96.66666666666667,95.0,,,,Alexis Ren_S27
Joe Amabile,Jenna Johnson,TV Personality,Illinois,United States,32,27,Eliminated Week 8,6,46.666666666666664,58.333333333333336,60.0,50.0,56.666666666666664,73.33333333333333,78.33333333333333,76.66666666666667,,,,8,Joe Amabile_S27
Kate Flannery,Pasha Pashkov,Actor/Actress,Pennsylvania,United States,55,28,Eliminated Week 8,7,50.0,70.0,80.0,65.0,80.0,90.0,80.0,86.666,,,,8,Kate Flannery_S28
James Van Der Beek,Emma Slater,Actor/Actress,Connecticut,United States,42,28,Eliminated Week 10,5,70.0,66.66666666666666,76.66666666666667,70.0,86.66666666666667,90.0,90.0,53.333,90.0,85.0,,10,James Van Der Beek_S28
Kel Mitchell,Witney Carson,Actor/Actress,Illinois,United States,41,28,2nd Place,2,53.333333333333336,66.66666666666666,66.66666666666666,80.0,86.66666666666667,86.66666666666667,85.0,49.99966666666667,92.5,95.0,98.33333333333333,finalist,Kel Mitchell_S28
Ray Lewis,Cheryl Burke,Athlete,Florida,United States,44,28,Withdrew,11,50.0,50.0,,,,,,,,,,withdrew,Ray Lewis_S28
Lamar Odom,Peta Murgatroyd,Athlete,New York,United States,39,28,Eliminated Week 4,10,36.666666666666664,40.0,40.0,50.0,,,,,,,,4,Lamar Odom_S28
Sailor Brinkley-Cook,Valentin Chmerkovskiy,Model,New York,United States,21,28,Eliminated Week 6,9,60.0,60.0,76.66666666666667,77.5,80.0,90.0,,,,,,6,Sailor Brinkley-Cook_S28
Sean Spicer,Lindsay Arnold,Politician,New York,United States,48,28,Eliminated Week 9,6,40.0,53.333333333333336,50.0,52.5,63.33333333333333,70.0,70.0,66.66666666666666,62.5,,,9,Sean Spicer_S28
Mary Wilson,Brandon Armstrong,Singer/Rapper,Nevada,United States,75,28,Eliminated Week 2,12,56.666666666666664,50.0,,,,,,,,,,2,Mary Wilson_S28
Lauren Alaina,Gleb Savchenko,Singer/Rapper,Georgia,United States,24,28,4th Place,4,63.33333333333333,63.33333333333333,66.66666666666666,80.0,76.66666666666667,86.66666666666667,90.0,80.0,87.5,90.0,95.0,,Lauren Alaina_S28
Ally Brooke,Sasha Farber,Singer/Rapper,Texas,United States,26,28,3rd Place,3,53.333333333333336,66.66666666666666,80.0,80.0,90.0,83.33333333333334,90.0,100.0,100.0,98.33333333333333,100.0,finalist,Ally Brooke_S28
Karamo Brown,Jenna Johnson,TV Personality,Texas,United States,38,28,Eliminated Week 7,8,56.666666666666664,63.33333333333333,53.333333333333336,70.0,70.0,83.33333333333334,81.66666666666667,,,,,7,Karamo Brown_S28
Hannah Brown,Alan Bersten,TV Personality,Alabama,United States,24,28,1st Place,1,66.66666666666666,80.0,70.0,80.0,83.33333333333334,80.0,86.66666666666667,51.666333333333334,88.75,90.0,96.66666666666667,finalist,Hannah Brown_S28
Anne Heche,Keo Motsepe,Actor/Actress,Ohio,United States,51,29,Eliminated Week 4,13,60.0,60.0,50.0,70.0,,,,,,,,4,Anne Heche_S29
Jesse Metcalfe,Sharna Burgess,Actor/Actress,California,United States,41,29,Eliminated Week 5,12,60.0,66.66666666666666,66.66666666666666,70.0,63.33333333333333,,,,,,,5,Jesse Metcalfe_S29
Chrishell Stause,Gleb Savchenko,Actor/Actress,Kentucky,United States,39,29,Eliminated Week 8,8,43.333333333333336,60.0,73.33333333333333,73.33333333333333,63.33333333333333,80.0,86.66666666666667,90.0,,,,8,Chrishell Stause_S29
Skai Jackson,Alan Bersten,Actor/Actress,New York,United States,18,29,Eliminated Week 10,5,70.0,50.0,60.0,93.33333333333333,80.0,60.0,90.0,89.99933333333333,96.666,95.0,,10,Skai Jackson_S29
Justina Machado,Sasha Farber,Actor/Actress,Illinois,United States,48,29,4th Place,4,70.0,70.0,63.33333333333333,80.0,80.0,90.0,86.66666666666667,96.666,86.666,96.66666666666667,100.0,,Justina Machado_S29
Charles Oakley,Emma Slater,Athlete,Ohio,United States,56,29,Eliminated Week 2,15,40.0,50.0,,,,,,,,,,2,Charles Oakley_S29
Veron Davis,Peta Murgatroyd,Athlete,Washington D.C.,United States,36,29,Eliminated Week 6,11,56.666666666666664,60.0,73.33333333333333,73.33333333333333,70.0,70.0,,,,,,6,Veron Davis_S29
Johnny Weir,Britt Stewart,Athlete,Pennsylvania,United States,36,29,Eliminated Week 10,6,60.0,60.0,80.0,80.0,96.66666666666667,73.33333333333333,90.0,100.0,100.0,95.0,,10,Johnny Weir_S29
Nev Schulman,Jenna Johnson,Producer,New York,United States,35,29,2nd Place,2,66.66666666666666,70.0,80.0,80.0,86.66666666666667,86.66666666666667,100.0,100.0,96.666,100.0,100.0,finalist,Nev Schulman_S29
AJ McLean,Cheryl Burke,Singer/Rapper,Florida,United States,42,29,Eliminated Week 9,7,60.0,63.33333333333333,70.0,80.0,80.0,90.0,86.66666666666667,90.0,83.33266666666667,,,9,AJ McLean_S29
Nelly,Daniella Karagach,Singer/Rapper,Texas,United States,45,29,3rd Place,3,53.333333333333336,60.0,60.0,70.0,80.0,80.0,90.0,80.0,80.0,93.33333333333333,95.0,finalist,Nelly_S29
Kaitlyn Bristowe,Artem Chigvintsev,TV Personality,,Canada,35,29,1st Place,1,66.66666666666666,73.33333333333333,76.66666666666667,83.33333333333334,90.0,90.0,80.0,93.33333333333333,100.0,100.0,100.0,finalist,Kaitlyn Bristowe_S29
Carole Baskin,Pasha Pashkov,TV Personality,Texas,United States,59,29,Eliminated Week 3,14,36.666666666666664,53.333333333333336,40.0,,,,,,,,,3,Carole Baskin_S29
Monica Aldama,Valentin Chmerkovskiy,TV Personality,Alabama,United States,48,29,Eliminated Week 7,10,63.33333333333333,53.333333333333336,70.0,80.0,86.66666666666667,90.0,73.33333333333333,,,,,7,Monica Aldama_S29
Jeannie Mai,Brandon Armstrong,TV Personality,California,United States,41,29,Withdrew,9,60.0,60.0,73.33333333333333,70.0,80.0,83.33333333333334,83.33333333333334,,,,,withdrew,Jeannie Mai_S29
Martin Kove,Britt Stewart,Actor/Actress,New York,United States,75,30,Eliminated Week 2,15,32.5,37.5,,,,,,,,,,2,Martin Kove_S30
Brian Austin Green,Sharna Burgess,Actor/Actress,California,United States,48,30,Eliminated Week 4,13,60.0,57.49999999999999,63.33333333333333,65.0,,,,,,,,4,Brian Austin Green_S30
Melora Hardin,Artem Chigvintsev,Actor/Actress,Texas,United States,54,30,Eliminated Week 9,6,65.0,67.5,76.66666666666667,91.25,90.0,85.0,95.0,52.5,90.0,,,9,Melora Hardin_S30
Matt James,Lindsay Arnold,Athlete,North Carolina,United States,29,30,Eliminated Week 4,12,60.0,55.00000000000001,66.66666666666666,71.25,,,,,,,,4,Matt James_S30
"Mike ""The Miz"" Mizanin",Witney Carson,Athlete,Ohio,United States,40,30,Eliminated Week 7,9,60.0,65.0,73.33333333333333,81.25,80.0,85.0,80.0,,,,,7,"Mike ""The Miz"" Mizanin_S30"
Suni Lee,Sasha Farber,Athlete,Minnesota,United States,18,30,Eliminated Week 9,5,70.0,70.0,70.0,85.0,90.0,90.0,85.0,52.5,93.75,,,9,Suni Lee_S30
Iman Shumpert,Daniella Karagach,Athlete,Illinois,United States,31,30,1st Place,1,52.5,62.5,63.33333333333333,78.75,70.0,100.0,85.0,87.5,93.75,100.0,,finalist,Iman Shumpert_S30
Cody Rigsby,Cheryl Burke,Fitness Instructor,California,United States,34,30,3rd Place,3,60.0,60.0,60.0,72.5,80.0,90.0,90.0,95.0,88.75,95.0,,finalist,Cody Rigsby_S30
Melanie C,Gleb Savchenko,Singer/Rapper,,England,47,30,Eliminated Week 5,11,67.5,75.0,73.33333333333333,82.5,90.0,,,,,,,5,Melanie C_S30
Jimmie Allen,Emma Slater,Singer/Rapper,Delaware,United States,36,30,Eliminated Week 8,7,55.00000000000001,67.5,66.66666666666666,81.25,85.0,95.0,95.0,80.0,,,,8,Jimmie Allen_S30
Olivia Jade,Valentin Chmerkovskiy,Social Media Personality,California,United States,21,30,Eliminated Week 8,8,62.5,67.5,80.0,87.5,90.0,90.0,52.5,90.0,,,,8,Olivia Jade_S30
JoJo Siwa,Jenna Johnson,Social Media Personality,Nebraska,United States,18,30,2nd Place,2,72.5,77.5,80.0,87.5,100.0,100.0,97.5,51.24999999999999,100.0,100.0,,finalist,JoJo Siwa_S30
Christine Chiu,Pasha Pashkov,TV Personality,,Taiwan China,38,30,Eliminated Week 3,14,62.5,60.0,70.0,,,,,,,,,3,Christine Chiu_S30
Kenya Moore,Brandon Armstrong,TV Personality,Michigan,United States,50,30,Eliminated Week 6,10,65.0,60.0,70.0,73.75,90.0,80.0,,,,,,6,Kenya Moore_S30
Amanda Kloots,Alan Bersten,TV Personality,Ohio,United States,39,30,4th Place,4,70.0,80.0,80.0,85.0,97.5,95.0,85.0,52.5,98.75,97.5,,,Amanda Kloots_S30
Jason Lewis,Peta Murgatroyd,Actor/Actress,California,United States,51,31,Eliminated Week 1,16,45.0,,,,,,,,,,,1,Jason Lewis_S31
Cheryl Ladd,Louis van Amstel,Actor/Actress,South Dakota,United States,71,31,Eliminated Week 3,14,52.5,52.5,60.0,,,,,,,,,3,Cheryl Ladd_S31
Selma Blair,Sasha Farber,Actor/Actress,Michigan,United States,50,31,Withdrew,12,70.0,70.0,70.0,80.0,100.0,,,,,,,withdrew,Selma Blair_S31
Joseph Baena,Daniella Karagach,Actor/Actress,California,United States,24,31,Eliminated Week 5,11,57.49999999999999,60.0,72.5,70.0,87.5,,,,,,,5,Joseph Baena_S31
Trevor Donovan,Emma Slater,Actor/Actress,California,United States,39,31,Eliminated Week 9,6,52.5,75.0,67.5,70.0,90.0,85.0,97.5,48.75,81.25,,,9,Trevor Donovan_S31
Daniel Durant,Britt Stewart,Actor/Actress,Michigan,United States,32,31,Eliminated Week 9,5,67.5,72.5,77.5,72.5,83.75,85.0,91.25,97.5,86.25,,,9,Daniel Durant_S31
Wayne Brady,Witney Carson,Comedian,Georgia,United States,50,31,3rd Place,3,72.5,80.0,82.5,90.0,51.24999999999999,85.0,95.0,56.25,91.25,95.0,,finalist,Wayne Brady_S31
Sam Champion,Cheryl Burke,News Anchor,Kentucky,United States,61,31,Eliminated Week 4,13,50.0,65.0,62.5,62.5,,,,,,,,4,Sam Champion_S31
Jessie James Decker,Alan Bersten,Singer/Rapper,,Italy,34,31,Eliminated Week 6,10,50.0,62.5,65.0,77.5,90.0,80.0,,,,,,6,Jessie James Decker_S31
Jordin Sparks,Brandon Armstrong,Singer/Rapper,Arizona,United States,32,31,Eliminated Week 7,9,65.0,67.5,72.5,85.0,88.75,85.0,86.25,,,,,7,Jordin Sparks_S31
Heidi D'Amelio,Artem Chigvintsev,Social Media Personality,Louisiana,United States,50,31,Eliminated Week 8,8,60.0,70.0,80.0,85.0,48.75,90.0,87.5,87.5,,,,8,Heidi D'Amelio_S31
Charli D'Amelio,Mark Ballas,Social Media Personality,Connecticut,United States,18,31,1st Place,1,80.0,80.0,82.5,90.0,52.5,100.0,97.5,56.25,100.0,100.0,,finalist,Charli D'Amelio_S31
Teresa Giudice,Pasha Pashkov,TV Personality,New Jersey,United States,50,31,Eliminated Week 2,15,50.0,57.49999999999999,,,,,,,,,,2,Teresa Giudice_S31
Vinny Guadagnino,Koko Iwasaki,TV Personality,New York,United States,34,31,Eliminated Week 8,7,42.5,67.5,57.49999999999999,72.5,77.5,70.0,78.75,72.5,,,,8,Vinny Guadagnino_S31
Shangela,Gleb Savchenko,TV Personality,Texas,United States,40,31,4th Place,4,70.0,70.0,75.0,80.0,96.25,90.0,91.25,52.5,91.25,95.0,,,Shangela_S31
Gabby Windey,Valentin Chmerkovskiy,TV Personality,Illinois,United States,31,31,2nd Place,2,70.0,80.0,82.5,90.0,51.24999999999999,92.5,88.75,100.0,100.0,100.0,,finalist,Gabby Windey_S31
Jamie Lynn Spears,Alan Bersten,Actor/Actress,Mississippi,United States,32,32,Eliminated Week 2,13,50.0,53.333333333333336,,,,,,,,,,2,Jamie Lynn Spears_S32
Mira Sorvino,Gleb Savchenko,Actor/Actress,New York,United States,55,32,Eliminated Week 5,10,56.666666666666664,60.0,65.0,70.0,73.33333333333333,,,,,,,5,Mira Sorvino_S32
Barry Williams,Peta Murgatroyd,Actor/Actress,California,United States,68,32,Eliminated Week 8,7,53.333333333333336,50.0,62.5,60.0,80.0,80.0,81.25,87.5,,,,8,Barry Williams_S32
Alyson Hannigan,Sasha Farber,Actor/Actress,Washington D.C.,United States,49,32,5th Place,5,43.333333333333336,63.33333333333333,60.0,60.0,70.0,77.5,87.5,90.0,80.0,85.0,88.33333333333333,,Alyson Hannigan_S32
Xochitl Gomez,Valentin Chmerkovskiy,Actor/Actress,California,United States,17,32,1st Place,1,60.0,80.0,80.0,90.0,93.33333333333333,52.5,92.5,100.0,51.24999999999999,100.0,100.0,finalist,Xochitl Gomez_S32
Adrian Peterson,Britt Stewart,Athlete,Texas,United States,38,32,Eliminated Week 4,11,60.0,50.0,55.00000000000001,70.0,,,,,,,,4,Adrian Peterson_S32
Matt Walsh,Koko Iwasaki,Comedian,Illinois,United States,58,32,Eliminated Week 1,14,40.0,,,,,,,,,,,1,Matt Walsh_S32
Tyson Beckford,Jenna Johnson,Model,New York,United States,52,32,Eliminated Week 3,12,40.0,60.0,50.0,,,,,,,,,3,Tyson Beckford_S32
Jason Mraz,Daniella Karagach,Singer/Rapper,Virginia,United States,46,32,2nd Place,2,70.0,80.0,85.0,80.0,90.0,97.5,90.0,82.5,53.75,95.0,100.0,finalist,Jason Mraz_S32
Lele Pons,Brandon Armstrong,Social Media Personality,,Venezuela,27,32,Eliminated Week 7,8,63.33333333333333,70.0,67.5,73.33333333333333,80.0,92.5,91.25,,,,,7,Lele Pons_S32
Harry Jowsey,Rylee Arnold,TV Personality,,Australia,26,32,Eliminated Week 9,6,40.0,50.0,60.0,70.0,60.0,72.5,80.0,70.0,75.0,,,9,Harry Jowsey_S32
Mauricio Umansky,Emma Slater,TV Personality,,Mexico,53,32,Eliminated Week 6,9,50.0,40.0,57.49999999999999,63.33333333333333,80.0,82.5,,,,,,6,Mauricio Umansky_S32
Charity Lawson,Artem Chigvintsev,TV Personality,Georgia,United States,27,32,4th Place,4,73.33333333333333,70.0,80.0,80.0,93.33333333333333,95.0,90.0,97.5,95.0,98.33333333333333,98.33333333333333,,Charity Lawson_S32
Ariana Madix,Pasha Pashkov,TV Personality,Florida,United States,38,32,3rd Place,3,70.0,66.66666666666666,85.0,83.33333333333334,80.0,51.24999999999999,92.5,52.5,92.5,96.66666666666667,98.33333333333333,finalist,Ariana Madix_S32
Tori Spelling,Pasha Pashkov,Actor/Actress,California,United States,51,33,Eliminated Week 2,12,56.666666666666664,63.33333333333333,,,,,,,,,,2,Tori Spelling_S33
Eric Roberts,Britt Stewart,Actor/Actress,California,United States,68,33,Eliminated Week 3,10,50.0,50.0,57.49999999999999,,,,,,,,,3,Eric Roberts_S33
Reginald VelJohnson,Emma Slater,Actor/Actress,New York,United States,74,33,Eliminated Week 3,10,53.333333333333336,50.0,52.5,,,,,,,,,3,Reginald VelJohnson_S33
Chandler Kinney,Brandon Armstrong,Actor/Actress,California,United States,24,33,3rd Place,3,76.66666666666667,80.0,86.25,80.0,90.0,53.333333333333336,100.0,96.66666666666667,100.0,,,finalist,Chandler Kinney_S33
Dwight Howard,Daniella Karagach,Athlete,Georgia,United States,38,33,Eliminated Week 7,6,73.33333333333333,73.33333333333333,65.0,72.5,80.0,51.66666666666667,80.0,,,,,7,Dwight Howard_S33
Danny Amendola,Witney Carson,Athlete,Texas,United States,39,33,5th Place,5,66.66666666666666,70.0,75.0,90.0,85.0,93.33333333333333,85.0,90.0,93.33333333333333,,,,Danny Amendola_S33
Stephen Nedoroscik,Rylee Arnold,Athlete,Florida,United States,26,33,4th Place,4,70.0,73.33333333333333,77.5,82.5,80.0,93.33333333333333,90.0,88.33333333333333,98.33333333333333,,,,Stephen Nedoroscik_S33
Ilona Maher,Alan Bersten,Athlete,California,United States,28,33,2nd Place,2,60.0,70.0,70.0,80.0,86.66666666666667,80.0,86.66666666666667,95.0,95.0,,,finalist,Ilona Maher_S33
Anna Delvey,Ezra Sosa,Con artist,,Russia,33,33,Eliminated Week 2,12,60.0,56.666666666666664,,,,,,,,,,2,Anna Delvey_S33
Brooks Nader,Gleb Savchenko,Model,New York,United States,27,33,Eliminated Week 4,9,60.0,66.66666666666666,76.25,80.0,,,,,,,,4,Brooks Nader_S33
Phaedra Parks,Val Chmerkovskiy,TV Personality,Georgia,United States,51,33,Eliminated Week 5,8,63.33333333333333,70.0,70.0,80.0,80.0,,,,,,,5,Phaedra Parks_S33
Jenn Tran,Sasha Farber,TV Personality,Florida,United States,26,33,Eliminated Week 6,7,63.33333333333333,63.33333333333333,77.5,80.0,85.0,51.66666666666667,,,,,,6,Jenn Tran_S33
Joey Graziadei,Jenna Johnson,TV Personality,Louisiana,United States,29,33,1st Place,1,70.0,73.33333333333333,87.5,90.0,86.66666666666667,53.333333333333336,91.66666666666666,96.66666666666667,98.33333333333333,,,finalist,Joey Graziadei_S33
Corey Feldman,Jenna Johnson,Actor/Actress,California,United States,54,34,Eliminated Week 2,13,45.0,50.0,,,,,,,,,,2,Corey Feldman_S34
Danielle Fishel,Pasha Pashkov,Actor/Actress,California,United States,44,34,Eliminated Week 8,8,60.0,63.33333333333333,70.0,70.0,72.5,90.0,87.5,92.5,,,,8,Danielle Fishel_S34
Elaine Hendrix,Alan Bersten (Rashad Jennings week 9),Actor/Actress,Georgia,United States,55,34,5th Place,5,60.0,70.0,70.0,80.0,75.0,90.0,80.0,93.75,90.0,95.0,96.666,,Elaine Hendrix_S34
Baron Davis,Britt Stewart,Athlete,California,United States,46,34,Eliminated Week 2,13,50.0,60.0,,,,,,,,,,2,Baron Davis_S34
Jordan Chiles,Ezra Sosa (Apolo Anton Ohno week 9),Athlete,Texas,United States,24,34,3rd Place,3,50.0,73.33333333333333,80.0,80.0,80.0,97.5,95.0,97.5,48.75,95.0,98.88866666666668,finalist,Jordan Chiles_S34
Andy Richter,Emma Slater/Kaitlyn Bristowe (week 9),Comedian,California,United States,59,34,Eliminated Week 9,7,45.0,53.333333333333336,60.0,60.0,60.0,67.5,72.5,85.0,72.5,,,9,Andy Richter_S34
Robert Irwin,Witney Carson (Xoshitl Gomez week 9),Conservationist,,Australia,22,34,1st Place,1,75.0,73.33333333333333,73.33333333333333,73.33333333333333,87.5,90.0,51.24999999999999,95.0,52.5,98.33333333333333,98.88866666666668,finalist,Robert Irwin_S34
Hilaria Baldwin,Gleb Savchenko,Entrepreneur,New York,United States,41,34,Eliminated Week 4,11,70.0,70.0,73.33333333333333,76.66666666666667,,,,,,,,4,Hilaria Baldwin_S34
Lauren Jauregui,Brandon Armstrong,Singer/Rapper,Florida,United States,29,34,Eliminated Week 3,12,65.0,70.0,60.0,,,,,,,,,3,Lauren Jauregui_S34
Scott Hoying,Rylee Arnold,Singer/Rapper,California,United States,34,34,Eliminated Week 6,10,50.0,60.0,73.33333333333333,70.0,75.0,70.0,,,,,,6,Scott Hoying_S34
Alix Earle,Val Chmerkovskiy (Joey Graziadei week 9),Social media personality,Florida,United States,24,34,2nd Place,2,65.0,70.0,76.66666666666667,80.0,87.5,87.5,53.75,96.25,100.0,96.66666666666667,100.0,finalist,Alix Earle_S34
Jen Affleck,Jan Ravnik,TV Personality,Utah,United States,26,34,Eliminated Week 7,9,60.0,73.33333333333333,63.33333333333333,76.66666666666667,72.5,80.0,85.0,,,,,7,Jen Affleck_S34
Whitney Leavitt,Mark Ballas,TV Personality,Utah,United States,32,34,Eliminated Week 10,6,75.0,73.33333333333333,80.0,83.33333333333334,82.5,97.5,52.5,98.75,52.5,96.66666666666667,,10,Whitney Leavitt_S34
Dylan Efron,Daniella Karagach (Rumer Willis week 9),TV Personality,California,United States,33,34,4th Place,4,50.0,66.66666666666666,76.66666666666667,76.66666666666667,90.0,80.0,95.0,95.0,52.5,91.66666666666666,97.77733333333333,,Dylan Efron_S34
