season,contestant_id,celebrity_name,ballroom_partner,rank_final,avg_rank_judge,avg_J_pct,last_week,PBI
1,Evander Holyfield_S1,Evander Holyfield,Edyta Sliwinska,5,5.0,50.0,3,0.0
1,Joey McIntyre_S1,Joey McIntyre,Ashly DelGrosso,3,2.8,70.33333333333333,5,-0.20000000000000018
1,John O'Hurley_S1,John O'Hurley,Charlotte Jorgensen,2,1.6666666666666667,80.55555555555556,6,-0.33333333333333326
1,Kelly Monaco_S1,Kelly Monaco,Alec Mazo,1,3.1666666666666665,71.1111111111111,6,2.1666666666666665
1,Rachel Hunter_S1,Rachel Hunter,Jonathan Roberts,4,1.5,79.16666666666667,4,-2.5
1,Trista Sutter_S1,Trista Sutter,Louis van Amstel,6,4.0,61.666666666666664,2,-2.0
2,Drew Lachey_S2,Drew Lachey,Cheryl Burke,1,1.25,91.45824999999999,8,0.25
2,George Hamilton_S2,George Hamilton,Edyta Sliwinska,5,5.333333333333333,72.22222222222221,6,0.33333333333333304
2,Giselle Fernandez_S2,Giselle Fernandez,Jonathan Roberts,8,3.3333333333333335,76.66666666666667,3,-4.666666666666666
2,Jerry Rice_S2,Jerry Rice,Anna Trebunskaya,2,4.625,75.06941666666667,8,2.625
2,Kenny Mayne_S2,Kenny Mayne,Andrea Hale,10,9.0,43.333333333333336,1,-1.0
2,Lisa Rinna_S2,Lisa Rinna,Louis van Amstel,4,4.142857142857143,80.23809523809523,7,0.14285714285714324
2,Master P_S2,Master P,Ashly DelGrosso,7,8.5,41.666666666666664,4,1.5
2,Stacy Keibler_S2,Stacy Keibler,Tony Dovolani,3,1.625,91.73604166666667,8,-1.375
2,Tatum O'Neal_S2,Tatum O'Neal,Nick Kosovich,9,5.0,66.66666666666666,2,-4.0
2,Tia Carrere_S2,Tia Carrere,Maksim Chmerkoskiy,6,4.8,76.66666666666666,5,-1.2000000000000002
3,Emmitt Smith_S3,Emmitt Smith,Cheryl Burke,1,2.6,85.88886666666667,10,1.6
3,Harry Hamlin_S3,Harry Hamlin,Ashly DelGrosso,9,6.333333333333333,66.66666666666667,3,-2.666666666666667
3,Jerry Springer_S3,Jerry Springer,Kym Johnson,5,7.142857142857143,68.09523809523809,7,2.1428571428571432
3,Joey Lawrence_S3,Joey Lawrence,Edyta Sliwinska,3,2.7777777777777777,86.29629629629629,9,-0.22222222222222232
3,Mario Lopez_S3,Mario Lopez,Karina Smirnoff,2,2.1,89.55553333333333,10,0.10000000000000009
3,Monique Coleman_S3,Monique Coleman,Louis van Amstel,4,3.25,83.125,8,-0.75
3,Sara Evans_S3,Sara Evans,Tony Dovolani,6,6.8,70.0,5,0.7999999999999998
3,Shanna Moakler_S3,Shanna Moakler,Jesse DeSoto,10,6.5,66.66666666666666,2,-3.5
3,Tucker Carlson_S3,Tucker Carlson,Elena Grinenko,11,11.0,40.0,1,0.0
3,Vivica A. Fox_S3,Vivica A. Fox,Nick Kosovich,8,2.75,80.83333333333333,4,-5.25
3,Willa Ford_S3,Willa Ford,Maksim Chmerkoskiy,7,3.0,81.33333333333333,5,-4.0
4,Apolo Anton Ohno_S4,Apolo Anton Ohno,Julianne Hough,1,2.2,89.61106666666667,10,1.2000000000000002
4,Billy Ray Cyrus_S4,Billy Ray Cyrus,Karina Smirnoff,5,6.5,63.33333333333333,8,1.5
4,Clyde Drexler_S4,Clyde Drexler,Elena Grinenko,8,9.4,52.0,5,1.4000000000000004
4,Heather Mills_S4,Heather Mills,Jonathan Roberts,7,4.166666666666667,73.8888888888889,6,-2.833333333333333
4,Ian Ziering_S4,Ian Ziering,Cheryl Burke,4,3.4444444444444446,80.92592592592592,9,-0.5555555555555554
4,Joey Fatone_S4,Joey Fatone,Kym Johnson,2,1.8,89.22216666666665,10,-0.19999999999999996
4,John Ratzenberger_S4,John Ratzenberger,Edyta Sliwinska,6,6.857142857142857,63.57142857142857,7,0.8571428571428568
4,Laila Ali_S4,Laila Ali,Maksim Chmerkoskiy,3,2.5,87.4444,10,-0.5
4,Leeza Gibbons_S4,Leeza Gibbons,Tony Dovolani,9,6.0,63.333333333333336,4,-3.0
4,Paulina Porizkova_S4,Paulina Porizkova,Alec Mazo,11,5.5,66.66666666666666,2,-5.5
4,Shandi Finnessey_S4,Shandi Finnessey,Brian Fortuna,10,7.0,66.66666666666667,3,-3.0
5,Albert Reed_S5,Albert Reed,Anna Trebunskaya,11,5.0,70.0,2,-6.0
5,Cameron Mathison_S5,Cameron Mathison,Edyta Sliwinska,5,4.25,80.83333333333334,8,-0.75
5,Floyd Mayweather Jr. _S5,Floyd Mayweather Jr. ,Karina Smirnoff,9,8.0,69.16666666666667,4,-1.0
5,Helio Castroneves_S5,Helio Castroneves,Julianne Hough,1,2.6,88.8333,10,1.6
5,Jane Seymour_S5,Jane Seymour,Tony Dovolani,6,4.285714285714286,81.42857142857143,7,-1.7142857142857144
5,Jennie Garth_S5,Jennie Garth,Derek Hough,4,3.6666666666666665,84.25925925925927,9,-0.3333333333333335
5,Josie Maran_S5,Josie Maran,Alec Mazo,12,12.0,53.333333333333336,1,0.0
5,Marie Osmond_S5,Marie Osmond,Jonathan Roberts,3,4.5,80.83333333333334,10,1.5
5,Mark Cuban_S5,Mark Cuban,Kym Johnson,8,8.0,68.0,5,0.0
5,Mel B_S5,Mel B,Maksim Chmerkoskiy,2,2.0,90.77773333333333,10,0.0
5,Sabrina Bryan_S5,Sabrina Bryan,Mark Ballas,7,1.8333333333333333,90.0,6,-5.166666666666667
5,Wayne Newton_S5,Wayne Newton,Cheryl Burke,10,10.333333333333334,57.77777777777777,3,0.3333333333333339
6,Adam Carolla_S6,Adam Carolla,Julianne Hough,9,8.75,61.666666666666664,4,-0.25
6,Cristian de la Fuente_S6,Cristian de la Fuente,Cheryl Burke,3,4.1,82.5,10,1.0999999999999996
6,Jason Taylor_S6,Jason Taylor,Edyta Sliwinska,2,2.8,87.16666666666666,10,0.7999999999999998
6,Kristi Yamaguchi_S6,Kristi Yamaguchi,Mark Ballas,1,1.2,94.0,10,0.19999999999999996
6,Mario_S6,Mario,Karina Smirnoff,5,3.375,84.16666666666666,8,-1.625
6,Marissa Jaret Winokur_S6,Marissa Jaret Winokur,Tony Dovolani,4,5.444444444444445,77.40740740740742,9,1.4444444444444446
6,Marlee Matlin_S6,Marlee Matlin,Fabian Sanchez,7,5.5,74.44444444444444,6,-1.5
6,Monica Seles_S6,Monica Seles,Jonathan Roberts,11,11.5,50.0,2,0.5
6,Penn Jillette_S6,Penn Jillette,Kym Johnson,12,10.0,55.0,2,-2.0
6,Priscilla Presley_S6,Priscilla Presley,Louis van Amstel,8,5.2,76.0,5,-2.8
6,Shannon Elizabeth_S6,Shannon Elizabeth,Derek Hough,6,4.428571428571429,80.71428571428571,7,-1.5714285714285712
6,Steve Guttenberg_S6,Steve Guttenberg,Anna Trebunskaya,10,8.333333333333334,61.111111111111114,3,-1.666666666666666
7,Brooke Burke_S7,Brooke Burke,Derek Hough,1,1.2,89.83333333333334,10,0.19999999999999996
7,Cloris Leachman_S7,Cloris Leachman,Corky Ballas,7,8.5,58.333333333333336,6,1.5
7,Cody Linley_S7,Cody Linley,Julianne Hough,4,4.333333333333333,76.11111111111111,9,0.33333333333333304
7,Jeffrey Ross_S7,Jeffrey Ross,Edyta Sliwinska,13,13.0,40.0,1,0.0
7,Kim Kardashian_S7,Kim Kardashian,Mark Ballas,11,8.5,59.166666666666664,2,-2.5
7,Lance Bass_S7,Lance Bass,Lacey Schwimmer,3,3.1,81.16666666666666,10,0.10000000000000009
7,Maurice Greene_S7,Maurice Greene,Cheryl Burke,5,5.125,74.79166666666667,8,0.125
7,Misty May-Treanor_S7,Misty May-Treanor,Maksim Chmerkoskiy,10,4.5,70.0,2,-5.5
7,Rocco DiSpirito_S7,Rocco DiSpirito,Karina Smirnoff,9,9.5,59.58333333333333,4,0.5
7,Susan Lucci_S7,Susan Lucci,Tony Dovolani,6,4.857142857142857,73.0952380952381,7,-1.1428571428571432
7,Ted McGinley_S7,Ted McGinley,Inna Brayer,12,8.0,61.66666666666667,1,-4.0
7,Toni Braxton_S7,Toni Braxton,Alec Mazo,8,3.8,74.33333333333333,5,-4.2
7,Warren Sapp_S7,Warren Sapp,Kym Johnson,2,3.0,80.83333333333334,10,1.0
8,Belinda Carlisle_S8,Belinda Carlisle,Jonathan Roberts,13,9.0,58.33333333333333,2,-4.0
8,Chuck Wicks_S8,Chuck Wicks,Julianne Hough,6,5.125,76.45833333333333,8,-0.875
8,David Alan Grier_S8,David Alan Grier,Kym Johnson,9,6.8,69.33333333333333,5,-2.2
8,Denise Richards_S8,Denise Richards,Maksim Chmerkoskiy,12,7.333333333333333,61.111111111111114,3,-4.666666666666667
8,Gilles Marini_S8,Gilles Marini,Cheryl Burke,2,1.6363636363636365,92.27272727272727,11,-0.36363636363636354
8,Holly Madison_S8,Holly Madison,Dmitry Chaplin,11,8.5,57.5,4,-2.5
8,Lawrence Taylor_S8,Lawrence Taylor,Edyta Sliwinska,7,7.714285714285714,65.71428571428571,7,0.7142857142857144
8,Lil' Kim_S8,Lil' Kim,Derek Hough,5,3.111111111111111,85.18518518518518,9,-1.8888888888888888
8,Melissa Rycroft_S8,Melissa Rycroft,Tony Dovolani,3,2.4545454545454546,88.93939393939394,11,-0.5454545454545454
8,Shawn Johnson_S8,Shawn Johnson,Mark Ballas,1,2.272727272727273,88.18181818181819,11,1.272727272727273
8,Steve Wozniak_S8,Steve Wozniak,Karina Smirnoff,10,11.75,43.33333333333333,4,1.75
8,Steve-O_S8,Steve-O,Lacey Schwimmer,8,10.0,52.77777777777777,6,2.0
8,Ty Murray_S8,Ty Murray,Chelsie Hightower,4,6.0,72.66666666666666,10,2.0
9,Aaron Carter_S9,Aaron Carter,Karina Smirnoff,5,5.375,72.4999375,8,0.375
9,Ashley Hamiliton_S9,Ashley Hamiliton,Edyta Sliwinska,16,10.0,63.333000000000006,1,-6.0
9,Chuck Liddell_S9,Chuck Liddell,Anna Trebunskaya,11,8.25,62.49999999999999,4,-2.75
9,Debi Mazar_S9,Debi Mazar,Maksim Chmerkoskiy,12,6.333333333333333,66.66666666666667,3,-5.666666666666667
9,Donny Osmond_S9,Donny Osmond,Kym Johnson,1,4.9,78.05543333333334,10,3.9000000000000004
9,Joanna Krupa_S9,Joanna Krupa,Derek Hough,4,4.333333333333333,77.22218518518518,9,0.33333333333333304
9,Kathy Ireland_S9,Kathy Ireland,Tony Dovolani,14,10.0,63.33316666666667,2,-4.0
9,Kelly Osbourne_S9,Kelly Osbourne,Louis van Amstel,3,5.3,76.40723333333332,10,2.3
9,Louie Vito_S9,Louie Vito,Chelsie Hightower,8,6.166666666666667,71.11099999999999,6,-1.833333333333333
9,Macy Gray_S9,Macy Gray,Jonathan Roberts,15,10.0,63.333000000000006,1,-5.0
9,Mark Dacascos_S9,Mark Dacascos,Lacey Schwimmer,6,5.571428571428571,73.09514285714286,7,-0.4285714285714288
9,Melissa Joan Hart_S9,Melissa Joan Hart,Mark Ballas,9,5.333333333333333,76.11105555555555,6,-3.666666666666667
9,Michael Irvin_S9,Michael Irvin,Anna Demidova,7,8.428571428571429,64.52371428571428,7,1.4285714285714288
9,Mya_S9,Mya,Dmitry Chaplin,2,3.4,84.11101666666666,10,1.4
9,Natalie Coughlin_S9,Natalie Coughlin,Alec Mazo,10,4.0,79.99986666666666,5,-6.0
9,Tom DeLay_S9,Tom DeLay,Cheryl Burke,13,10.666666666666666,58.88877777777778,3,-2.333333333333334
10,Aiden Turner_S10,Aiden Turner,Edyta Sliwinska,9,8.25,58.75,4,-0.75
10,Buzz Aldrin_S10,Buzz Aldrin,Ashly DelGrosso,10,10.666666666666666,43.333333333333336,3,0.6666666666666661
10,Chad Ochocinco_S10,Chad Ochocinco,Cheryl Burke,4,5.444444444444445,68.14812962962964,9,1.4444444444444446
10,Erin Andrews_S10,Erin Andrews,Maksim Chmerkoskiy,3,3.3,77.49993333333333,10,0.2999999999999998
10,Evan Lysacek_S10,Evan Lysacek,Anna Trebunskaya,2,1.6,87.62956666666666,10,-0.3999999999999999
10,Jake Pavelka_S10,Jake Pavelka,Chelsie Hightower,7,4.5,71.11105555555555,6,-2.5
10,Kate Gosselin_S10,Kate Gosselin,Tony Dovolani,8,9.0,51.333333333333336,5,1.0
10,Nicole Scherzinger_S10,Nicole Scherzinger,Derek Hough,1,1.5,87.59255,10,0.5
10,Niecy Nash_S10,Niecy Nash,Louis van Amstel,5,5.125,69.99991666666666,8,0.125
10,Pamela Anderson_S10,Pamela Anderson,Damian Whitewood,6,4.285714285714286,70.95233333333333,7,-1.7142857142857144
10,Shannen Doherty_S10,Shannen Doherty,Mark Ballas,11,6.0,63.33333333333333,2,-5.0
11,Audrina Patridge_S11,Audrina Patridge,Tony Dovolani,7,3.6666666666666665,72.22216666666667,6,-3.3333333333333335
11,Brandy_S11,Brandy,Maksim Chmerkoskiy,4,2.4444444444444446,81.99072222222223,9,-1.5555555555555554
11,Bristol Palin_S11,Bristol Palin,Mark Ballas,3,5.6,73.68046666666666,10,2.5999999999999996
11,David Hasselhoff_S11,David Hasselhoff,Kym Johnson,12,10.0,50.0,1,-2.0
11,Florence Henderson_S11,Florence Henderson,Corky Ballas,8,6.8,63.666666666666664,5,-1.2000000000000002
11,Jennifer Grey_S11,Jennifer Grey,Derek Hough,1,1.3,89.95833333333334,10,0.30000000000000004
11,Kurt Warner_S11,Kurt Warner,Anna Trebunskaya,5,4.5,73.43745833333332,8,-0.5
11,Kyle Massey_S11,Kyle Massey,Lacey Schwimmer,2,4.0,77.48605,10,2.0
11,Margaret Cho_S11,Margaret Cho,Louis van Amstel,10,9.666666666666666,56.666666666666664,3,-0.3333333333333339
11,Michael Bolton_S11,Michael Bolton,Chelsie Hightower,11,10.0,46.66666666666667,2,-1.0
11,Rick Fox_S11,Rick Fox,Cheryl Burke,6,3.4285714285714284,79.22619047619048,7,-2.5714285714285716
11,The Situation_S11,The Situation,Karina Smirnoff,9,8.75,55.83333333333333,4,-0.25
12,Chelsea Kane_S12,Chelsea Kane,Mark Ballas,3,2.6,80.4722,10,-0.3999999999999999
12,Chris Jericho_S12,Chris Jericho,Cheryl Burke,7,4.0,74.44444444444444,6,-3.0
12,Hines Ward_S12,Hines Ward,Kym Johnson,1,1.6,86.4722,10,0.6000000000000001
12,Kendra Wilkinson_S12,Kendra Wilkinson,Louis van Amstel,6,5.714285714285714,70.41666666666667,7,-0.2857142857142856
12,Kirstie Alley_S12,Kirstie Alley,Maksim Chmerkoskiy,2,4.1,79.66663333333334,10,2.0999999999999996
12,Mike Catherwood_S12,Mike Catherwood,Lacey Schwimmer,11,10.0,50.0,2,-1.0
12,Petra Nemcova_S12,Petra Nemcova,Dmitry Chaplin,8,5.0,70.66666666666667,5,-3.0
12,Ralph Macchio_S12,Ralph Macchio,Karina Smirnoff,4,3.6666666666666665,77.31481481481482,9,-0.3333333333333335
12,Romeo_S12,Romeo,Chelsie Hightower,5,3.75,78.125,8,-1.25
12,Sugar Ray Leonard_S12,Sugar Ray Leonard,Anna Trebunskaya,9,8.5,62.49999999999999,4,-0.5
12,Wendy Williams_S12,Wendy Williams,Tony Dovolani,10,9.666666666666666,51.11111111111111,3,-0.3333333333333339
13,Carson Kressley_S13,Carson Kressley,Anna Trebunskaya,8,8.2,64.66666666666666,5,0.1999999999999993
13,Chaz Bono_S13,Chaz Bono,Lacey Schwimmer,7,8.0,62.77777777777777,6,1.0
13,Chynna Phillips_S13,Chynna Phillips,Tony Dovolani,9,3.25,75.0,4,-5.75
13,David Arquette_S13,David Arquette,Kym Johnson,6,5.0,73.57142857142857,7,-1.0
13,Elisabetta Canalis_S13,Elisabetta Canalis,Valentin Chmerkovskiy,11,7.5,60.0,2,-3.5
13,Hope Solo_S13,Hope Solo,Maksim Chmerkoskiy,4,3.888888888888889,76.85177777777778,9,-0.11111111111111116
13,J.R. Martinez_S13,J.R. Martinez,Karina Smirnoff,1,1.7,87.72216666666667,10,0.7
13,Kristin Cavallari_S13,Kristin Cavallari,Mark Ballas,10,3.6666666666666665,72.22222222222221,3,-6.333333333333334
13,Metta World Peace (Ron)_S13,Metta World Peace (Ron),Peta Murgatroyd,12,12.0,46.66666666666666,1,0.0
13,Nancy Grace_S13,Nancy Grace,Tristan MacManus,5,6.0,70.41666666666667,8,1.0
13,Ricki Lake_S13,Ricki Lake,Derek Hough,3,2.1,83.08328333333334,10,-0.8999999999999999
13,Rob Kardashian_S13,Rob Kardashian,Cheryl Burke,2,3.8,75.86103333333332,10,1.7999999999999998
14,Donald Driver_S14,Donald Driver,Peta Murgatroyd,1,3.9,84.72218333333333,10,2.9
14,Gavin DeGraw_S14,Gavin DeGraw,Karina Smirnoff,9,7.8,71.33333333333333,5,-1.2000000000000002
14,Gladys Knight_S14,Gladys Knight,Tristan MacManus,8,7.0,73.33333333333333,6,-1.0
14,Jack Wagner_S14,Jack Wagner,Anna Trebunskaya,11,6.333333333333333,75.55555555555556,3,-4.666666666666667
14,Jaleel White_S14,Jaleel White,Kym Johnson,7,5.142857142857143,77.619,7,-1.8571428571428568
14,Katherine Jenkins_S14,Katherine Jenkins,Mark Ballas,2,2.2,88.66665,10,0.20000000000000018
14,Maria Menounos_S14,Maria Menounos,Derek Hough,4,3.7777777777777777,83.5185,9,-0.22222222222222232
14,Martina Navratilova_S14,Martina Navratilova,Tony Dovolani,12,11.0,61.66666666666666,2,-1.0
14,Melissa Gilbert_S14,Melissa Gilbert,Maksim Chmerkoskiy,5,6.875,77.5,8,1.875
14,Roshon Fegan_S14,Roshon Fegan,Chelsie Hightower,6,3.25,86.66658333333334,8,-2.75
14,Sherri Sheperd_S14,Sherri Sheperd,Valentin Chmerkovskiy,10,6.5,75.83333333333334,4,-3.5
14,William Levy_S14,William Levy,Cheryl Burke,3,2.9,86.55553333333333,10,-0.10000000000000009
15,Apolo Anton Ohno_S15,Apolo Anton Ohno,Karina Smirnoff,5,3.7777777777777777,85.37544444444444,9,-1.2222222222222223
15,Bristol Palin_S15,Bristol Palin,Mark Ballas,9,10.5,70.0,4,1.5
15,Drew Lachey_S15,Drew Lachey,Anna Trebunskaya,11,7.333333333333333,75.55555555555556,3,-3.666666666666667
15,Emmitt Smith_S15,Emmitt Smith,Cheryl Burke,4,5.444444444444445,84.00198148148148,9,1.4444444444444446
15,Gilles Marini_S15,Gilles Marini,Peta Murgatroyd,6,3.0,86.00108333333334,8,-3.0
15,Helio Castroneves_S15,Helio Castroneves,Chelsie Hightower,10,5.333333333333333,77.77777777777779,3,-4.666666666666667
15,Joey Fatone_S15,Joey Fatone,Kym Johnson,12,8.5,71.66666666666666,2,-3.5
15,Kelly Monaco_S15,Kelly Monaco,Valentin Chmerkovskiy,3,5.0,84.6434,10,2.0
15,Kirstie Alley_S15,Kirstie Alley,Maksim Chmerkoskiy,7,7.625,80.729125,8,0.625
15,Melissa Rycroft_S15,Melissa Rycroft,Tony Dovolani,1,3.0,88.20358333333334,10,2.0
15,Pamela Anderson_S15,Pamela Anderson,Tristan MacManus,13,13.0,56.66666666666666,1,0.0
15,Sabrina Bryan_S15,Sabrina Bryan,Louis van Amstel,8,2.6666666666666665,88.81944444444444,6,-5.333333333333334
15,Shawn Johnson_S15,Shawn Johnson,Derek Hough,2,3.0,88.2175,10,1.0
16,Alexandra Raisman_S16,Alexandra Raisman,Mark Ballas,4,2.9,82.83333333333334,10,-1.1
16,Andy Dick_S16,Andy Dick,Sharna Burgess,7,7.428571428571429,63.09523809523809,7,0.4285714285714288
16,D. L. Hughley_S16,D. L. Hughley,Cheryl Burke,9,9.4,55.333333333333336,5,0.40000000000000036
16,Dorothy Hamill_S16,Dorothy Hamill,Tristan MacManus,12,7.0,60.0,2,-5.0
16,Ingo Rademacher_S16,Ingo Rademacher,Kym Johnson,5,5.0,75.0,9,0.0
16,Jacoby Jones_S16,Jacoby Jones,Karina Smirnoff,3,3.5,83.9999,10,0.5
16,Kellie Pickler_S16,Kellie Pickler,Derek Hough,1,2.0,89.16666666666667,10,1.0
16,Lisa Vanderpump_S16,Lisa Vanderpump,Gleb Savchenko,10,7.75,62.5,4,-2.25
16,Sean Lowe_S16,Sean Lowe,Peta Murgatroyd,6,5.75,71.66666666666666,8,-0.25
16,Victor Ortiz_S16,Victor Ortiz,Lindsay Arnold,8,7.166666666666667,65.55555555555556,6,-0.833333333333333
16,Wynonna Judd_S16,Wynonna Judd,Tony Dovolani,11,9.0,56.666666666666664,3,-2.0
16,Zendaya_S16,Zendaya,Valentin Chmerkovskiy,2,1.6,90.99993333333335,10,-0.3999999999999999
17,Amber Riley_S17,Amber Riley,Derek Hough,1,3.4545454545454546,82.5125909090909,11,2.4545454545454546
17,Bill Engvall_S17,Bill Engvall,Emma Slater,4,6.7272727272727275,75.75751515151515,11,2.7272727272727275
17,Bill Nye_S17,Bill Nye,Tyne Stecklein,11,11.333333333333334,52.22222222222222,3,0.3333333333333339
17,Brant Daugherty_S17,Brant Daugherty,Peta Murgatroyd,7,5.125,79.58333333333333,8,-1.875
17,Christina Milian_S17,Christina Milian,Mark Ballas,9,3.0,83.33333333333333,5,-6.0
17,Corbin Bleu_S17,Corbin Bleu,Karina Smirnoff,2,1.4545454545454546,92.20948484848485,11,-0.5454545454545454
17,Elizabeth Berkley Lauren_S17,Elizabeth Berkley Lauren,Valentin Chmerkovskiy,6,3.888888888888889,82.59255555555555,9,-2.111111111111111
17,Jack Osbourne_S17,Jack Osbourne,Cheryl Burke,3,3.6363636363636362,87.00748484848485,11,0.6363636363636362
17,Keyshawn Johnson_S17,Keyshawn Johnson,Sharna Burgess,12,11.0,58.33333333333333,2,-1.0
17,Leah Remini_S17,Leah Remini,Tony Dovolani,5,5.0,82.9583,10,0.0
17,"Nicole ""Snooki"" Polizzi_S17","Nicole ""Snooki"" Polizzi",Sasha Farber,8,4.285714285714286,83.80952380952381,7,-3.7142857142857144
17,Valerie Harper_S17,Valerie Harper,Tristan MacManus,10,9.5,61.666666666666664,4,-0.5
18,Amy Purdy_S18,Amy Purdy,Derek Hough,2,2.4,91.26386666666667,10,0.3999999999999999
18,Billy Dee Williams_S18,Billy Dee Williams,Emma Slater,10,11.5,50.0,2,1.5
18,Candace Cameron Bure_S18,Candace Cameron Bure,Mark Ballas,3,5.5,82.99993333333333,10,2.5
18,Charlie White_S18,Charlie White,Sharna Burgess,5,2.5555555555555554,90.23148148148148,9,-2.4444444444444446
18,Cody Simpson_S18,Cody Simpson,Witney Carson,9,6.8,79.33333333333333,5,-2.2
18,Danica McKellar_S18,Danica McKellar,Valentin Chmerkovskiy,6,3.375,87.8125,8,-2.625
18,Diana Nyad_S18,Diana Nyad,Henry Byalikov,12,11.0,60.0,1,-1.0
18,Drew Carey_S18,Drew Carey,Cheryl Burke,8,7.166666666666667,74.58333333333333,6,-0.833333333333333
18,James Maslow_S18,James Maslow,Peta Murgatroyd,4,3.4,88.75,10,-0.6000000000000001
18,Meryl Davis_S18,Meryl Davis,Maksim Chmerkoskiy,1,1.9,93.58333333333334,10,0.8999999999999999
18,NeNe Leakes_S18,NeNe Leakes,Tony Dovolani,7,6.571428571428571,78.92857142857143,7,-0.4285714285714288
18,Sean Avery_S18,Sean Avery,Karina Smirnoff,11,8.5,68.33333333333333,2,-2.5
19,Alfonso Ribeiro_S19,Alfonso Ribeiro,Witney Carson,1,2.4545454545454546,87.1590909090909,11,1.4545454545454546
19,Antonio Sabato Jr._S19,Antonio Sabato Jr.,Cheryl Burke,8,7.142857142857143,71.25,7,-0.8571428571428568
19,Bethany Mota_S19,Bethany Mota,Derek Hough,4,3.272727272727273,85.56818181818181,11,-0.7272727272727271
19,Betsey Johnson_S19,Betsey Johnson,Tony Dovolani,10,8.75,66.25,4,-1.25
19,Janel Parrish_S19,Janel Parrish,Valentin Chmerkovskiy,3,3.272727272727273,85.56813636363637,11,0.27272727272727293
19,Jonathan Bennett_S19,Jonathan Bennett,Allison Holker,9,6.5,71.66666666666667,6,-2.5
19,Lea Thompson_S19,Lea Thompson,Artem Chigvintsev,6,3.2222222222222223,84.72222222222223,9,-2.7777777777777777
19,Lolo Jones_S19,Lolo Jones,Keo Motsepe,13,12.0,55.00000000000001,1,-1.0
19,Michael Waltrip_S19,Michael Waltrip,Emma Slater,7,8.625,64.0625,8,1.625
19,Randy Couture_S19,Randy Couture,Karina Smirnoff,11,8.0,70.83333333333333,3,-3.0
19,Sadie Robertson_S19,Sadie Robertson,Mark Ballas,2,3.090909090909091,87.91663636363636,11,1.0909090909090908
19,Tavis Smiley_S19,Tavis Smiley,Sharna Burgess,12,7.5,71.25,2,-4.5
19,Tommy Chong_S19,Tommy Chong,Peta Murgatroyd,5,6.4,71.625,10,1.4000000000000004
20,Charlotte McKinney_S20,Charlotte McKinney,Keo Motsepe,11,10.666666666666666,58.333333333333336,3,-0.3333333333333339
20,Chris Soules_S20,Chris Soules,Witney Carson,5,6.625,70.9375,8,1.625
20,Michael Sam_S20,Michael Sam,Peta Murgatroyd,10,6.75,67.5,4,-3.25
20,Nastia Liukin_S20,Nastia Liukin,Derek Hough,4,2.2222222222222223,85.27777777777777,9,-1.7777777777777777
20,Noah Galloway_S20,Noah Galloway,Sharna Burgess,3,5.6,75.375,10,2.5999999999999996
20,Patti LaBelle_S20,Patti LaBelle,Artem Chigvintsev,8,7.333333333333333,69.16666666666667,6,-0.666666666666667
20,Redfoo_S20,Redfoo,Emma Slater,12,8.0,66.25,2,-4.0
20,Riker Lynch_S20,Riker Lynch,Allison Holker,2,1.7,90.75,10,-0.30000000000000004
20,Robert Herjavec_S20,Robert Herjavec,Kym Johnson,6,5.75,74.53125,8,-0.25
20,Rumer Willis_S20,Rumer Willis,Valentin Chmerkovskiy,1,2.0,90.625,10,1.0
20,Suzanne Somers_S20,Suzanne Somers,Tony Dovolani,9,7.2,67.0,5,-1.7999999999999998
20,Willow Shields_S20,Willow Shields,Mark Ballas,7,3.857142857142857,77.85714285714286,7,-3.142857142857143
21,Alek Skarlatos_S21,Alek Skarlatos,Lindsay Arnold,3,5.0,82.12118181818181,11,2.0
21,Alexa PenaVega_S21,Alexa PenaVega,Mark Ballas,6,3.888888888888889,85.1851111111111,9,-2.111111111111111
21,Andy Grammer_S21,Andy Grammer,Allison Holker,7,5.375,81.97908333333334,8,-1.625
21,Bindi Irwin_S21,Bindi Irwin,Derek Hough,1,1.9090909090909092,88.03030303030302,11,0.9090909090909092
21,Carlos PenaVega_S21,Carlos PenaVega,Witney Carson,4,3.272727272727273,85.22721212121212,11,-0.7272727272727271
21,Chaka Khan_S21,Chaka Khan,Keo Motsepe,13,12.5,46.66666666666667,2,-0.5
21,Gary Busey_S21,Gary Busey,Anna Trebunskaya,10,10.0,55.208333333333336,4,0.0
21,Hayes Grier_S21,Hayes Grier,Emma Slater,8,4.857142857142857,79.76190476190474,7,-3.1428571428571432
21,Kim Zolciak-Biermann_S21,Kim Zolciak-Biermann,Tony Dovolani,11,11.0,50.833333333333336,2,0.0
21,Nick Carter_S21,Nick Carter,Sharna Burgess,2,3.272727272727273,86.06060606060606,11,1.272727272727273
21,Paula Deen_S21,Paula Deen,Louis van Amstel,9,9.166666666666666,57.77777777777778,6,0.16666666666666607
21,Tamar Braxton_S21,Tamar Braxton,Valentin Chmerkovskiy,5,3.4444444444444446,85.37037037037038,9,-1.5555555555555554
21,Victor Espinoza_S21,Victor Espinoza,Karina Smirnoff,12,9.0,55.833333333333336,2,-3.0
22,Antonio Brown_S22,Antonio Brown,Sharna Burgess,5,5.666666666666667,78.98148148148147,9,0.666666666666667
22,Doug Flutie_S22,Doug Flutie,Karina Smirnoff,9,8.333333333333334,63.888888888888886,6,-0.6666666666666661
22,Geraldo Rivera_S22,Geraldo Rivera,Edyta Sliwinska,12,12.0,43.333333333333336,2,0.0
22,Ginger Zee_S22,Ginger Zee,Valentin Chmerkovskiy,3,3.0,84.61106666666667,10,0.0
22,Jodie Sweetin_S22,Jodie Sweetin,Keo Motsepe,6,4.75,79.58333333333333,8,-1.25
22,Kim Fields_S22,Kim Fields,Sasha Farber,8,6.571428571428571,74.28571428571429,7,-1.4285714285714288
22,Marla Maples_S22,Marla Maples,Tony Dovolani,10,5.75,69.16666666666666,4,-4.25
22,Mischa Barton_S22,Mischa Barton,Artem Chigvintsev,11,10.666666666666666,54.44444444444445,3,-0.3333333333333339
22,Nyle DiMarco_S22,Nyle DiMarco,Peta Murgatroyd,1,2.6,86.9166,10,1.6
22,Paige VanZant_S22,Paige VanZant,Mark Ballas,2,2.4,86.9722,10,0.3999999999999999
22,Von Miller_S22,Von Miller,Witney Carson,7,5.714285714285714,74.64285714285714,7,-1.2857142857142856
22,Wanya Morris_S22,Wanya Morris,Lindsay Arnold,4,2.4444444444444446,85.64814814814815,9,-1.5555555555555554
23,Amber Rose_S23,Amber Rose,Maksim Chmerkoskiy,9,7.666666666666667,68.75,6,-1.333333333333333
23,Babyface_S23,Babyface,Allison Holker,11,6.75,65.625,4,-4.25
23,Calvin Johnson Jr._S23,Calvin Johnson Jr.,Lindsay Arnold,3,3.727272727272727,85.30297727272728,11,0.7272727272727271
23,Jake T. Austin_S23,Jake T. Austin,Jenna Johnson,13,10.5,57.5,2,-2.5
23,James Hinchcliffe_S23,James Hinchcliffe,Sharna Burgess,2,2.8181818181818183,85.83325757575757,11,0.8181818181818183
23,Jana Kramer_S23,Jana Kramer,Gleb Savchenko,4,3.4545454545454546,85.45454545454545,11,-0.5454545454545454
23,Laurie Hernandez_S23,Laurie Hernandez,Valentin Chmerkovskiy,1,2.3636363636363638,86.40148484848486,11,1.3636363636363638
23,Marilu Henner_S23,Marilu Henner,Derek Hough,6,5.555555555555555,77.4074074074074,9,-0.44444444444444464
23,Maureen McCormick_S23,Maureen McCormick,Artem Chigvintsev,8,6.571428571428571,72.85714285714286,7,-1.4285714285714288
23,Rick Perry_S23,Rick Perry,Emma Slater,12,12.333333333333334,54.166666666666664,3,0.3333333333333339
23,Ryan Lochte_S23,Ryan Lochte,Cheryl Burke,7,7.25,72.5,8,0.25
23,Terra Jole_S23,Terra Jole,Sasha Farber,5,3.5,82.45833333333334,10,-1.5
23,Vanilla Ice_S23,Vanilla Ice,Witney Carson,10,8.0,65.41666666666666,4,-2.0
24,Bonner Bolton_S24,Bonner Bolton,Sharna Burgess,5,6.375,71.09375,8,1.375
24,Charo_S24,Charo,Keo Motsepe,11,9.333333333333334,58.333333333333336,3,-1.666666666666666
24,Chris Kattan_S24,Chris Kattan,Witney Carson,12,11.5,48.75,2,-0.5
24,David Ross_S24,David Ross,Lindsay Arnold,2,5.3,78.208325,10,3.3
24,Erika Jayne_S24,Erika Jayne,Gleb Savchenko,9,6.6,70.0,5,-2.4000000000000004
24,Heather Morris_S24,Heather Morris,Maksim Chmerkoskiy,8,2.6666666666666665,82.08333333333333,6,-5.333333333333334
24,Mr. T_S24,Mr. T,Kym Herjavec,10,10.25,58.75,4,0.25
24,Nancy Kerrigan_S24,Nancy Kerrigan,Artem Chigvintsev,7,3.2857142857142856,81.25,7,-3.7142857142857144
24,Nick Viall_S24,Nick Viall,Peta Murgatroyd,6,6.428571428571429,72.67857142857143,7,0.4285714285714288
24,Normani_S24,Normani,Valentin Chmerkovskiy,3,2.7,84.4583,10,-0.2999999999999998
24,Rashad Jennings_S24,Rashad Jennings,Emma Slater,1,3.0,83.04165,10,2.0
24,Simone Biles_S24,Simone Biles,Sasha Farber,4,3.0,82.5,9,-1.0
25,Barbara Corcoran_S25,Barbara Corcoran,Keo Motsepe,13,13.0,51.66666666666666,2,0.0
25,Debbie Gibson_S25,Debbie Gibson,Alan Bersten,12,8.5,62.49999999999999,2,-3.5
25,Derek Fisher_S25,Derek Fisher,Sharna Burgess,11,8.5,67.5,4,-2.5
25,Drew Scott_S25,Drew Scott,Emma Slater,4,5.6,78.375,10,1.5999999999999996
25,Frankie Muniz_S25,Frankie Muniz,Witney Carson,3,3.5,83.80550833333334,10,0.5
25,Jordan Fisher_S25,Jordan Fisher,Lindsay Arnold,1,1.5,91.75,10,0.5
25,Lindsey Stirling_S25,Lindsey Stirling,Mark Ballas,2,2.4,88.83333333333333,10,0.3999999999999999
25,Nick Lachey_S25,Nick Lachey,Peta Murgatroyd,9,9.0,67.5,6,0.0
25,Nikki Bella_S25,Nikki Bella,Artem Chigvintsev,8,5.571428571428571,77.38095238095238,7,-2.428571428571429
25,Sasha Pieterse_S25,Sasha Pieterse,Gleb Savchenko,10,6.8,71.66666666666666,5,-3.2
25,Terrell Owens_S25,Terrell Owens,Cheryl Burke,6,6.375,75.9375,8,0.375
25,Vanessa Lachey_S25,Vanessa Lachey,Maksim Chmerkoskiy,7,4.142857142857143,80.71428571428571,7,-2.8571428571428568
25,Victoria Arlen_S25,Victoria Arlen,Valentin Chmerkovskiy,5,4.222222222222222,81.75925925925925,9,-0.7777777777777777
26,Adam Rippon_S26,Adam Rippon,Jenna Johnson,1,2.25,80.10416666666667,4,1.25
26,Arike Ogunbowale_S26,Arike Ogunbowale,Gleb Savchenko,7,5.0,77.08333333333333,2,-2.0
26,Chris Mazdzer_S26,Chris Mazdzer,Witney Carson,5,4.333333333333333,78.33333333333333,3,-0.666666666666667
26,Jamie Anderson_S26,Jamie Anderson,Artem Chigvintsev,10,8.0,63.33333333333333,1,-2.0
26,Jennie Finch Daigle_S26,Jennie Finch Daigle,Keo Motsepe,6,5.333333333333333,73.75,3,-0.666666666666667
26,Johnny Damon_S26,Johnny Damon,Emma Slater,9,9.0,60.0,1,0.0
26,Josh Norman_S26,Josh Norman,Sharna Burgess,2,2.5,87.1875,4,0.5
26,Kareem Abdul-Jabbar_S26,Kareem Abdul-Jabbar,Lindsay Arnold,8,9.0,65.20833333333333,2,1.0
26,Mirai Nagasu_S26,Mirai Nagasu,Alan Bersten,4,2.0,85.55555555555556,3,-2.0
26,Tonya Harding_S26,Tonya Harding,Sasha Farber,3,3.0,85.0,4,0.0
27,Alexis Ren_S27,Alexis Ren,Alan Bersten,4,3.3333333333333335,88.33333333333333,9,-0.6666666666666665
27,Bobby Bones_S27,Bobby Bones,Sharna Burgess,1,7.0,74.62962962962962,9,6.0
27,Danelle Umstead_S27,Danelle Umstead,Artem Chigvintsev,12,10.0,60.833333333333336,2,-2.0
27,DeMarcus Ware_S27,DeMarcus Ware,Lindsay Arnold,7,4.857142857142857,82.38095238095238,7,-2.1428571428571432
27,Evanna Lynch_S27,Evanna Lynch,Keo Motsepe,3,3.7777777777777777,86.85185185185186,9,0.7777777777777777
27,Joe Amabile_S27,Joe Amabile,Jenna Johnson,6,9.375,62.5,8,3.375
27,John Schneider_S27,John Schneider,Emma Slater,8,7.857142857142857,72.14285714285714,7,-0.14285714285714324
27,Juan Pablo Di Pace_S27,Juan Pablo Di Pace,Cheryl Burke,5,2.0,91.25,8,-3.0
27,Mary Lou Retton_S27,Mary Lou Retton,Sasha Farber,9,5.333333333333333,78.8888888888889,6,-3.666666666666667
27,Milo Manheim_S27,Milo Manheim,Witney Carson,2,2.2222222222222223,90.92592592592592,9,0.22222222222222232
27,Nancy McKeon_S27,Nancy McKeon,Valentin Chmerkovskiy,11,8.666666666666666,68.88888888888889,3,-2.333333333333334
27,Nikki Glaser_S27,Nikki Glaser,Gleb Savchenko,13,12.0,58.333333333333336,1,-1.0
27,Tinashe_S27,Tinashe,Brandon Armstrong,10,1.5,85.0,4,-8.5
28,Ally Brooke_S28,Ally Brooke,Sasha Farber,3,2.1818181818181817,85.60606060606061,11,-0.8181818181818183
28,Hannah Brown_S28,Hannah Brown,Alan Bersten,1,3.727272727272727,79.43178787878789,11,2.727272727272727
28,James Van Der Beek_S28,James Van Der Beek,Emma Slater,5,3.0,77.8333,10,-2.0
28,Karamo Brown_S28,Karamo Brown,Jenna Johnson,8,6.428571428571429,68.33333333333333,7,-1.5714285714285712
28,Kate Flannery_S28,Kate Flannery,Pasha Pashkov,7,4.375,75.20824999999999,8,-2.625
28,Kel Mitchell_S28,Kel Mitchell,Witney Carson,2,3.727272727272727,78.25754545454545,11,1.727272727272727
28,Lamar Odom_S28,Lamar Odom,Peta Murgatroyd,10,11.0,41.666666666666664,4,1.0
28,Lauren Alaina_S28,Lauren Alaina,Gleb Savchenko,4,3.909090909090909,79.92424242424242,11,-0.09090909090909083
28,Mary Wilson_S28,Mary Wilson,Brandon Armstrong,12,7.5,53.33333333333333,2,-4.5
28,Ray Lewis_S28,Ray Lewis,Cheryl Burke,11,9.5,50.0,2,-1.5
28,Sailor Brinkley-Cook_S28,Sailor Brinkley-Cook,Valentin Chmerkovskiy,9,4.333333333333333,74.02777777777779,6,-4.666666666666667
28,Sean Spicer_S28,Sean Spicer,Lindsay Arnold,6,8.222222222222221,58.703703703703695,9,2.2222222222222214
29,AJ McLean_S29,AJ McLean,Cheryl Burke,7,4.777777777777778,78.14807407407407,9,-2.2222222222222223
29,Anne Heche_S29,Anne Heche,Keo Motsepe,13,8.75,60.0,4,-4.25
29,Carole Baskin_S29,Carole Baskin,Pasha Pashkov,14,13.666666666666666,43.333333333333336,3,-0.3333333333333339
29,Charles Oakley_S29,Charles Oakley,Emma Slater,15,14.0,45.0,2,-1.0
29,Chrishell Stause_S29,Chrishell Stause,Gleb Savchenko,8,7.375,71.25,8,-0.625
29,Jeannie Mai_S29,Jeannie Mai,Brandon Armstrong,9,6.428571428571429,72.85714285714286,7,-2.571428571428571
29,Jesse Metcalfe_S29,Jesse Metcalfe,Sharna Burgess,12,8.0,65.33333333333333,5,-4.0
29,Johnny Weir_S29,Johnny Weir,Britt Stewart,6,3.4,83.5,10,-2.6
29,Justina Machado_S29,Justina Machado,Sasha Farber,4,3.5454545454545454,83.63624242424243,11,-0.4545454545454546
29,Kaitlyn Bristowe_S29,Kaitlyn Bristowe,Artem Chigvintsev,1,2.5454545454545454,86.66666666666666,11,1.5454545454545454
29,Monica Aldama_S29,Monica Aldama,Valentin Chmerkovskiy,10,5.857142857142857,73.80952380952381,7,-4.142857142857143
29,Nelly_S29,Nelly,Daniella Karagach,3,7.090909090909091,76.51515151515152,11,4.090909090909091
29,Nev Schulman_S29,Nev Schulman,Jenna Johnson,2,2.1818181818181817,87.87872727272726,11,0.18181818181818166
29,Skai Jackson_S29,Skai Jackson,Alan Bersten,5,5.9,78.49986666666666,10,0.9000000000000004
29,Veron Davis_S29,Veron Davis,Peta Murgatroyd,11,8.166666666666666,67.22222222222221,6,-2.833333333333334
30,Amanda Kloots_S30,Amanda Kloots,Alan Bersten,4,2.8,84.125,10,-1.2000000000000002
30,Brian Austin Green_S30,Brian Austin Green,Sharna Burgess,13,11.75,61.45833333333333,4,-1.25
30,Christine Chiu_S30,Christine Chiu,Pasha Pashkov,14,8.0,64.16666666666667,3,-6.0
30,Cody Rigsby_S30,Cody Rigsby,Cheryl Burke,3,7.3,79.125,10,4.3
30,Iman Shumpert_S30,Iman Shumpert,Daniella Karagach,1,6.8,79.33333333333334,10,5.8
30,Jimmie Allen_S30,Jimmie Allen,Emma Slater,7,6.5,78.17708333333333,8,-0.5
30,JoJo Siwa_S30,JoJo Siwa,Jenna Johnson,2,1.9,86.625,10,-0.10000000000000009
30,Kenya Moore_S30,Kenya Moore,Brandon Armstrong,10,7.5,73.125,6,-2.5
30,Martin Kove_S30,Martin Kove,Britt Stewart,15,15.0,35.0,2,0.0
30,Matt James_S30,Matt James,Lindsay Arnold,12,11.25,63.229166666666664,4,-0.75
30,Melanie C_S30,Melanie C,Gleb Savchenko,11,4.2,77.66666666666666,5,-6.8
30,Melora Hardin_S30,Melora Hardin,Artem Chigvintsev,6,4.222222222222222,79.21296296296296,9,-1.7777777777777777
30,"Mike ""The Miz"" Mizanin_S30","Mike ""The Miz"" Mizanin",Witney Carson,9,7.714285714285714,74.94047619047619,7,-1.2857142857142856
30,Olivia Jade_S30,Olivia Jade,Valentin Chmerkovskiy,8,4.25,77.5,8,-3.75
30,Suni Lee_S30,Suni Lee,Sasha Farber,5,4.222222222222222,78.47222222222223,9,-0.7777777777777777
31,Charli D'Amelio_S31,Charli D'Amelio,Mark Ballas,1,2.2,83.875,10,1.2000000000000002
31,Cheryl Ladd_S31,Cheryl Ladd,Louis van Amstel,14,12.666666666666666,55.0,3,-1.333333333333334
31,Daniel Durant_S31,Daniel Durant,Britt Stewart,5,5.333333333333333,81.52777777777777,9,0.33333333333333304
31,Gabby Windey_S31,Gabby Windey,Valentin Chmerkovskiy,2,2.7,85.5,10,0.7000000000000002
31,Heidi D'Amelio_S31,Heidi D'Amelio,Artem Chigvintsev,8,5.875,76.09375,8,-2.125
31,Jason Lewis_S31,Jason Lewis,Peta Murgatroyd,16,15.0,45.0,1,-1.0
31,Jessie James Decker_S31,Jessie James Decker,Alan Bersten,10,9.166666666666666,70.83333333333333,6,-0.8333333333333339
31,Jordin Sparks_S31,Jordin Sparks,Brandon Armstrong,9,6.428571428571429,78.57142857142857,7,-2.571428571428571
31,Joseph Baena_S31,Joseph Baena,Daniella Karagach,11,9.2,69.5,5,-1.8000000000000007
31,Sam Champion_S31,Sam Champion,Cheryl Burke,13,12.0,60.0,4,-1.0
31,Selma Blair_S31,Selma Blair,Sasha Farber,12,5.0,78.0,5,-7.0
31,Shangela_S31,Shangela,Gleb Savchenko,4,4.3,81.125,10,0.2999999999999998
31,Teresa Giudice_S31,Teresa Giudice,Pasha Pashkov,15,13.0,53.75,2,-2.0
31,Trevor Donovan_S31,Trevor Donovan,Emma Slater,6,6.444444444444445,74.16666666666667,9,0.44444444444444464
31,Vinny Guadagnino_S31,Vinny Guadagnino,Koko Iwasaki,7,9.875,67.34375,8,2.875
31,Wayne Brady_S31,Wayne Brady,Witney Carson,3,3.4,79.875,10,0.3999999999999999
32,Adrian Peterson_S32,Adrian Peterson,Britt Stewart,11,8.0,58.75,4,-3.0
32,Alyson Hannigan_S32,Alyson Hannigan,Sasha Farber,5,6.545454545454546,73.18181818181819,11,1.5454545454545459
32,Ariana Madix_S32,Ariana Madix,Pasha Pashkov,3,3.5454545454545454,78.97727272727273,11,0.5454545454545454
32,Barry Williams_S32,Barry Williams,Peta Murgatroyd,7,6.875,69.32291666666667,8,-0.125
32,Charity Lawson_S32,Charity Lawson,Artem Chigvintsev,4,2.272727272727273,88.25757575757575,11,-1.727272727272727
32,Harry Jowsey_S32,Harry Jowsey,Rylee Arnold,6,7.888888888888889,64.16666666666667,9,1.8888888888888893
32,Jamie Lynn Spears_S32,Jamie Lynn Spears,Alan Bersten,13,9.0,51.66666666666667,2,-4.0
32,Jason Mraz_S32,Jason Mraz,Daniella Karagach,2,2.727272727272727,83.97727272727273,11,0.7272727272727271
32,Lele Pons_S32,Lele Pons,Brandon Armstrong,8,3.857142857142857,76.84523809523809,7,-4.142857142857142
32,Matt Walsh_S32,Matt Walsh,Koko Iwasaki,14,12.0,40.0,1,-2.0
32,Mauricio Umansky_S32,Mauricio Umansky,Emma Slater,9,8.166666666666666,62.22222222222222,6,-0.8333333333333339
32,Mira Sorvino_S32,Mira Sorvino,Gleb Savchenko,10,6.8,65.0,5,-3.2
32,Tyson Beckford_S32,Tyson Beckford,Jenna Johnson,12,10.333333333333334,50.0,3,-1.666666666666666
32,Xochitl Gomez_S32,Xochitl Gomez,Valentin Chmerkovskiy,1,2.6363636363636362,81.78030303030302,11,1.6363636363636362
33,Anna Delvey_S33,Anna Delvey,Ezra Sosa,12,9.5,58.33333333333333,2,-2.5
33,Brooks Nader_S33,Brooks Nader,Gleb Savchenko,9,6.25,70.72916666666666,4,-2.75
33,Chandler Kinney_S33,Chandler Kinney,Brandon Armstrong,3,1.7777777777777777,84.76851851851853,9,-1.2222222222222223
33,Danny Amendola_S33,Danny Amendola,Witney Carson,5,4.0,83.14814814814814,9,-1.0
33,Dwight Howard _S33,Dwight Howard ,Daniella Karagach,6,5.714285714285714,70.83333333333333,7,-0.2857142857142856
33,Eric Roberts_S33,Eric Roberts,Britt Stewart,10,11.666666666666666,52.5,3,1.666666666666666
33,Ilona Maher_S33,Ilona Maher,Alan Bersten,2,4.444444444444445,80.37037037037038,9,2.4444444444444446
33,Jenn Tran_S33,Jenn Tran,Sasha Farber,7,5.333333333333333,70.13888888888889,6,-1.666666666666667
33,Joey Graziadei_S33,Joey Graziadei,Jenna Johnson,1,2.0,83.05555555555556,9,1.0
33,Phaedra Parks_S33,Phaedra Parks,Val Chmerkovskiy,8,5.6,72.66666666666666,5,-2.4000000000000004
33,Reginald VelJohnson_S33,Reginald VelJohnson,Emma Slater,10,11.666666666666666,51.94444444444445,3,1.666666666666666
33,Stephen Nedoroscik_S33,Stephen Nedoroscik,Rylee Arnold,4,3.111111111111111,83.7037037037037,9,-0.8888888888888888
33,Tori Spelling_S33,Tori Spelling,Pasha Pashkov,12,10.0,59.99999999999999,2,-2.0
34,Alix Earle_S34,Alix Earle,Val Chmerkovskiy (Joey Graziadei week 9),2,3.272727272727273,83.03030303030303,11,1.272727272727273
34,Andy Richter_S34,Andy Richter,Emma Slater/Kaitlyn Bristowe (week 9),7,9.444444444444445,63.98148148148149,9,2.4444444444444446
34,Baron Davis_S34,Baron Davis,Britt Stewart,13,10.0,55.0,2,-3.0
34,Corey Feldman_S34,Corey Feldman,Jenna Johnson,13,13.5,47.5,2,0.5
34,Danielle Fishel_S34,Danielle Fishel,Pasha Pashkov,8,6.75,75.72916666666667,8,-1.25
34,Dylan Efron_S34,Dylan Efron,Daniella Karagach (Rumer Willis week 9),4,4.818181818181818,79.26763636363636,11,0.8181818181818183
34,Elaine Hendrix_S34,Elaine Hendrix,Alan Bersten (Rashad Jennings week 9),5,4.7272727272727275,81.856,11,-0.2727272727272725
34,Hilaria Baldwin_S34,Hilaria Baldwin,Gleb Savchenko,11,4.5,72.5,4,-6.5
34,Jen Affleck_S34,Jen Affleck,Jan Ravnik,9,5.857142857142857,72.97619047619047,7,-3.1428571428571432
34,Jordan Chiles_S34,Jordan Chiles,Ezra Sosa (Apolo Anton Ohno week 9),3,3.1818181818181817,81.452,11,0.18181818181818166
34,Lauren Jauregui_S34,Lauren Jauregui,Brandon Armstrong,12,6.666666666666667,65.0,3,-5.333333333333333
34,Robert Irwin_S34,Robert Irwin,Witney Carson (Xoshitl Gomez week 9),1,3.6363636363636362,78.952,11,2.6363636363636362
34,Scott Hoying_S34,Scott Hoying,Rylee Arnold,10,8.166666666666666,66.38888888888889,6,-1.833333333333334
34,Whitney Leavitt_S34,Whitney Leavitt,Mark Ballas,6,2.4,79.20833333333334,10,-3.6
